seg_id,seg_type,position,timestamp,real,i,j,k,accel_x,accel_y,accel_z,gyro_x,gyro_y,gyro_z,linear_x,linear_y,linear_z,stability
1,?,NONE,20057,0.0425,0.8143,-0.5783,0.0253,1.0273,0.5781,-9.8281,-0.0039,-0.0820,0.2598,0.2383,0.0977,0.1172,4
1,?,NONE,20067,0.0427,0.8140,-0.5789,0.0245,0.9883,0.5781,-9.8672,-0.0039,-0.0820,0.2598,0.2383,0.0977,0.1172,4
1,?,NONE,20077,0.0427,0.8137,-0.5793,0.0240,0.9141,0.6133,-9.8672,-0.0039,-0.0820,0.2598,0.2383,0.0977,0.1172,4
1,?,NONE,20087,0.0427,0.8134,-0.5797,0.0237,0.8750,0.5781,-9.8281,-0.0039,-0.0820,0.2598,0.2383,0.0977,0.1172,4
1,?,NONE,20247,0.0411,0.8123,-0.5815,0.0180,0.4531,0.5391,-10.0664,-0.0586,-0.0566,-0.0156,-0.0820,0.0117,0.0625,4
1,?,NONE,20257,0.0410,0.8123,-0.5815,0.0176,0.4531,0.5000,-10.1328,-0.0586,-0.0566,-0.0156,-0.0820,0.0117,0.0625,4
1,?,NONE,20268,0.0410,0.8124,-0.5814,0.0173,0.4922,0.4609,-10.1055,-0.0586,-0.0566,-0.0156,-0.0820,0.0117,0.0625,4
1,?,NONE,20278,0.0411,0.8124,-0.5814,0.0170,0.4531,0.4219,-10.1016,-0.0586,-0.0566,-0.0156,-0.0820,0.0117,0.0625,4
1,?,NONE,20328,0.0435,0.8124,-0.5812,0.0161,0.7227,0.5781,-10.0273,-0.1309,0.0547,-0.0137,-0.2344,-0.0586,-0.0156,4
1,?,NONE,20338,0.0439,0.8125,-0.5811,0.0161,0.7969,0.5391,-10.0273,-0.1309,0.0547,-0.0137,-0.2344,-0.0586,-0.0156,4
1,R,NONE,20348,0.0443,0.8125,-0.5811,0.0161,0.7578,0.5000,-9.9844,-0.1309,0.0547,-0.0137,-0.2344,-0.0586,-0.0156,4
1,R,NONE,20358,0.0446,0.8124,-0.5811,0.0160,0.7578,0.5000,-9.9844,-0.1309,0.0547,-0.0137,-0.2344,-0.0586,-0.0156,4
1,R,NONE,20408,0.0469,0.8127,-0.5806,0.0162,0.9883,0.4609,-10.0664,-0.0820,0.0703,-0.0273,0.0859,-0.1055,0.2070,4
1,R,NONE,20458,0.0486,0.8137,-0.5790,0.0161,0.7578,0.3867,-10.0273,-0.0605,0.0625,-0.0859,0.0547,-0.0312,0.0469,4
1,R,NONE,20468,0.0490,0.8140,-0.5786,0.0162,0.8359,0.5781,-9.9062,-0.0605,0.0625,-0.0859,0.0547,-0.0312,0.0469,4
1,R,NONE,20478,0.0493,0.8143,-0.5782,0.0163,0.7578,0.4609,-9.9492,-0.0605,0.0625,-0.0859,0.0547,-0.0312,0.0469,4
1,R,NONE,20509,0.0497,0.8151,-0.5770,0.0164,0.6836,0.5000,-9.9492,-0.0273,0.0195,-0.0937,-0.0156,-0.0625,0.1250,4
1,R,NONE,20523,0.0500,0.8153,-0.5767,0.0163,0.6836,0.5000,-9.9062,-0.0273,0.0195,-0.0937,-0.0156,-0.0625,0.1250,4
1,R,NONE,20535,0.0504,0.8155,-0.5764,0.0164,0.7578,0.4609,-9.8672,-0.0273,0.0195,-0.0937,-0.0156,-0.0625,0.1250,4
1,R,NONE,20547,0.0512,0.8157,-0.5759,0.0167,0.7578,0.4609,-9.8672,-0.0273,0.0195,-0.0937,-0.0156,-0.0625,0.1250,4
1,R,NONE,20558,0.0516,0.8159,-0.5757,0.0168,0.7578,0.4609,-9.8672,-0.0273,0.0195,-0.0937,-0.0156,-0.0625,0.1250,4
1,R,NONE,20569,0.0520,0.8159,-0.5756,0.0168,0.9141,0.5000,-9.8281,-0.0273,0.0195,-0.0937,-0.0156,-0.0625,0.1250,4
1,R,NONE,20598,0.0526,0.8160,-0.5754,0.0163,0.7969,0.5391,-9.8711,-0.0273,0.0195,-0.0937,-0.0156,-0.1172,0.2305,4
1,R,NONE,20608,0.0528,0.8160,-0.5754,0.0162,0.7227,0.5391,-9.8711,-0.0273,0.0195,-0.0937,-0.0156,-0.1172,0.2305,4
1,R,NONE,20619,0.0530,0.8159,-0.5755,0.0162,0.7578,0.5781,-9.9062,-0.0273,0.0195,-0.0937,-0.0156,-0.1172,0.2305,4
1,R,NONE,20633,0.0533,0.8158,-0.5757,0.0164,0.9492,0.5781,-10.0273,-0.0273,0.0195,-0.0937,-0.0156,-0.1172,0.2305,4
1,R,NONE,20649,0.0539,0.8154,-0.5761,0.0168,0.9492,0.5781,-10.0625,-0.0332,0.0742,0.0547,-0.0156,-0.1172,0.2305,4
1,R,NONE,20659,0.0533,0.8153,-0.5764,0.0170,1.0273,0.5000,-10.0664,-0.0332,0.0742,0.0547,-0.0156,-0.1172,0.2305,4
1,R,NONE,20678,0.0524,0.8151,-0.5768,0.0168,1.0273,0.5000,-10.1328,-0.0332,0.0742,0.0547,0.2773,0.0312,-0.1562,4
1,R,NONE,20689,0.0526,0.8149,-0.5770,0.0164,0.9492,0.5391,-10.1367,-0.0332,0.0742,0.0547,0.2773,0.0312,-0.1562,4
1,R,NONE,20699,0.0527,0.8147,-0.5773,0.0161,0.8750,0.6523,-10.1328,-0.0332,0.0742,0.0547,0.2773,0.0312,-0.1562,4
1,R,NONE,20709,0.0529,0.8145,-0.5776,0.0158,0.7969,0.6133,-10.1016,-0.0332,0.0742,0.0547,0.2773,0.0312,-0.1562,4
1,R,NONE,20819,0.0557,0.8112,-0.5819,0.0151,0.8750,0.3086,-10.1055,-0.1016,0.0469,0.1152,0.2773,0.0312,-0.1562,4
1,R,NONE,20829,0.0564,0.8107,-0.5825,0.0153,0.8750,0.3086,-10.1055,-0.1016,0.0469,0.1152,0.2773,0.0312,-0.1562,4
1,R,NONE,20949,0.0800,0.8026,-0.5903,0.0333,0.9492,-1.1836,-8.8398,-0.1289,0.7187,0.2598,0.0586,-0.5547,0.0234,4
2,?,NONE,21410,0.0263,0.2568,-0.9479,0.1867,2.0625,-6.0508,-9.9883,-0.0703,0.2109,4.6504,-1.4414,-2.8320,0.1328,4
2,?,NONE,21460,0.0315,0.1357,-0.9707,0.1958,2.9414,-7.1211,-9.9102,0.0508,1.4648,4.8223,0.7148,-2.9570,-0.6641,4
2,?,NONE,21470,0.0329,0.1127,-0.9735,0.1963,2.9805,-7.3125,-9.7930,0.0508,1.4648,4.8223,0.7148,-2.9570,-0.6641,4
2,?,NONE,21500,0.0333,0.0457,-0.9796,0.1927,3.2500,-7.2383,-9.9844,-0.4375,0.8789,4.3496,0.7148,-2.9570,-0.6641,4
2,?,NONE,21510,0.0337,0.0230,-0.9808,0.1907,3.2891,-7.2773,-10.0234,-0.4375,0.8789,4.3496,0.7148,-2.9570,-0.6641,4
2,?,NONE,21521,0.0352,0.0004,-0.9814,0.1886,3.3242,-7.3906,-9.9492,-0.4375,0.8789,4.3496,0.7148,-2.9570,-0.6641,4
2,?,NONE,21611,0.0589,-0.1697,-0.9708,0.1592,4.7812,-6.5469,-8.7227,-0.9316,0.7988,3.1738,0.7148,-2.9570,-0.6641,4
2,?,NONE,21640,0.0677,-0.2163,-0.9628,0.1470,5.8945,-6.5117,-8.1133,-0.7559,1.3027,3.0742,0.7148,-2.9570,-0.6641,4
2,?,NONE,21651,0.0699,-0.2292,-0.9602,0.1432,6.3516,-5.8984,-7.7266,-0.7559,1.3027,3.0742,0.7148,-2.9570,-0.6641,4
2,?,NONE,21661,0.0709,-0.2407,-0.9579,0.1397,6.5039,-5.4766,-7.6914,-0.7559,1.3027,3.0742,0.7148,-2.9570,-0.6641,4
2,?,NONE,21671,0.0705,-0.2505,-0.9558,0.1368,6.6211,-5.2852,-7.6094,-0.7559,1.3027,3.0742,0.7148,-2.9570,-0.6641,4
2,?,NONE,21691,0.0668,-0.2670,-0.9522,0.1324,6.7734,-4.9023,-7.5352,-0.7559,1.3027,3.0742,0.7148,-2.9570,-0.6641,4
2,?,NONE,21701,0.0643,-0.2740,-0.9506,0.1310,6.5820,-4.7852,-7.5742,-0.7559,1.3027,3.0742,0.7148,-2.9570,-0.6641,4
2,?,NONE,21711,0.0618,-0.2805,-0.9490,0.1301,6.4687,-4.6328,-7.6094,-0.7559,1.3027,3.0742,0.7148,-2.9570,-0.6641,4
2,?,NONE,21741,0.0579,-0.2955,-0.9447,0.1297,6.8516,-4.7109,-7.9922,-0.7559,1.3027,3.0742,0.7148,-2.9570,-0.6641,4
2,?,NONE,21751,0.0576,-0.2984,-0.9438,0.1302,7.1953,-4.6719,-8.1836,-0.7559,1.3027,3.0742,0.7148,-2.9570,-0.6641,4
2,?,NONE,21761,0.0576,-0.2997,-0.9432,0.1312,7.1953,-4.6719,-8.1836,-0.7559,1.3027,3.0742,0.7148,-2.9570,-0.6641,4
2,?,NONE,21772,0.0573,-0.2997,-0.9431,0.1326,7.4258,-4.8633,-8.6016,-0.7559,1.3027,3.0742,0.7148,-2.9570,-0.6641,4
2,?,NONE,21925,0.0515,-0.1760,-0.9723,0.1449,4.6289,-6.2812,-9.4844,0.2109,-0.3301,-2.6602,0.7148,-2.9570,-0.6641,4
2,?,NONE,21951,0.0510,-0.1296,-0.9795,0.1454,3.5547,-6.4336,-9.6016,0.2109,-0.3301,-2.6602,0.7148,-2.9570,-0.6641,4
2,?,NONE,22021,0.0615,-0.0087,-0.9878,0.1428,2.8672,-7.0469,-9.2578,0.0918,-0.0723,-3.5859,0.7148,-2.9570,-0.6641,4
2,?,NONE,22072,0.0643,0.0871,-0.9844,0.1389,0.6445,-6.5469,-8.7227,0.0605,-0.5176,-3.8437,0.3320,-4.2969,0.4961,4
2,?,NONE,22273,0.0911,0.4092,-0.8950,0.1526,0.2227,-2.8711,-9.6406,0.4766,0.1582,-3.0605,0.3320,-4.2969,0.4961,4
2,?,NONE,22283,0.0933,0.4224,-0.8885,0.1533,0.2227,-2.6797,-9.6016,0.4766,0.1582,-3.0605,0.3320,-4.2969,0.4961,4
2,?,NONE,22293,0.0950,0.4351,-0.8821,0.1536,-0.0820,-2.5273,-9.5625,0.4766,0.1582,-3.0605,0.3320,-4.2969,0.4961,4
2,?,NONE,22322,0.0997,0.4691,-0.8638,0.1549,-1.0781,-1.8359,-9.8281,0.4766,0.1582,-3.0605,0.3320,-4.2969,0.4961,4
2,?,NONE,22333,0.1017,0.4788,-0.8580,0.1559,-1.1172,-1.8359,-9.9062,0.4766,0.1582,-3.0605,0.3320,-4.2969,0.4961,4
2,?,NONE,22347,0.1040,0.4879,-0.8523,0.1572,-0.5820,-1.7969,-10.0664,0.4766,0.1582,-3.0605,0.3320,-4.2969,0.4961,4
2,?,NONE,22359,0.1061,0.4954,-0.8475,0.1584,-0.5039,-1.8750,-10.0625,0.4766,0.1582,-3.0605,0.3320,-4.2969,0.4961,4
2,?,NONE,22603,0.1165,0.4674,-0.8653,0.1385,0.8359,-2.6797,-9.4844,-0.4434,-0.2988,1.9199,-4.2930,-0.5234,-0.7969,4
2,?,NONE,22613,0.1142,0.4580,-0.8710,0.1364,0.8359,-2.6797,-9.4844,-0.4434,-0.2988,1.9199,-4.2930,-0.5234,-0.7969,4
2,?,NONE,22624,0.1121,0.4482,-0.8766,0.1345,0.6445,-2.6797,-9.4492,-0.4434,-0.2988,1.9199,-4.2930,-0.5234,-0.7969,4
2,?,NONE,22634,0.1105,0.4381,-0.8821,0.1329,0.5664,-2.7930,-9.3672,-0.4434,-0.2988,1.9199,-4.2930,-0.5234,-0.7969,4
2,?,NONE,22843,0.0607,0.1584,-0.9762,0.1354,0.5664,-4.8633,-9.4453,0.0000,-0.2852,3.3125,-4.2930,-0.5234,-0.7969,4
2,?,NONE,22904,0.0493,0.0598,-0.9865,0.1443,1.2578,-5.5508,-9.1836,0.1172,0.1211,3.3223,-4.2930,-0.5234,-0.7969,4
2,?,NONE,22914,0.0459,0.0436,-0.9874,0.1451,1.2578,-5.5156,-9.2187,0.1172,0.1211,3.3223,-4.2930,-0.5234,-0.7969,4
2,?,NONE,22924,0.0422,0.0263,-0.9880,0.1459,1.2578,-5.5156,-9.2187,0.1172,0.1211,3.3223,-4.2930,-0.5234,-0.7969,4
2,?,NONE,22935,0.0389,0.0093,-0.9883,0.1468,1.0664,-5.8594,-9.1797,0.1172,0.1211,3.3223,-4.2930,-0.5234,-0.7969,4
2,?,NONE,22984,0.0318,-0.0735,-0.9849,0.1533,2.6758,-6.7031,-9.1055,0.2051,0.3203,3.3535,1.0000,-3.1523,0.4062,4
2,?,NONE,22994,0.0306,-0.0892,-0.9834,0.1550,2.9805,-6.7031,-9.2578,0.2051,0.3203,3.3535,1.0000,-3.1523,0.4062,4
2,?,NONE,23048,0.0256,-0.1583,-0.9741,0.1599,4.2070,-6.3945,-9.7227,0.0820,0.2051,2.7246,1.0000,-3.1523,0.4062,4
2,?,NONE,23064,0.0249,-0.1805,-0.9698,0.1617,4.8594,-6.6641,-9.6445,0.0820,0.2051,2.7246,1.0000,-3.1523,0.4062,4
2,?,NONE,23074,0.0235,-0.1902,-0.9680,0.1624,4.9727,-6.4727,-9.7187,0.0820,0.2051,2.7246,1.0000,-3.1523,0.4062,4
2,?,NONE,23155,0.0208,-0.2323,-0.9587,0.1625,5.8945,-5.5156,-9.4453,0.0664,0.3262,0.4043,1.0000,-3.1523,0.4062,4
2,?,NONE,23194,0.0229,-0.2281,-0.9598,0.1619,5.0898,-4.9766,-9.3711,-0.0098,0.0352,-0.2402,6.1992,-2.1562,0.0586,4
2,?,NONE,23275,0.0311,-0.1855,-0.9692,0.1589,3.8633,-4.5547,-9.3281,-0.0215,0.0039,-1.3633,4.4375,-1.3359,0.2969,4
2,?,NONE,23285,0.0321,-0.1774,-0.9707,0.1587,3.8633,-4.5937,-9.4102,-0.0215,0.0039,-1.3633,4.4375,-1.3359,0.2969,4
2,?,NONE,23295,0.0330,-0.1692,-0.9722,0.1584,3.7109,-4.7109,-9.4102,-0.0215,0.0039,-1.3633,4.4375,-1.3359,0.2969,4
2,?,NONE,23305,0.0339,-0.1604,-0.9737,0.1581,3.4023,-4.6719,-9.3281,-0.0215,0.0039,-1.3633,4.4375,-1.3359,0.2969,4
2,?,NONE,23364,0.0462,-0.1005,-0.9816,0.1553,2.9805,-4.7852,-9.3281,0.0195,0.1680,-2.1289,4.4375,-1.3359,0.2969,4
2,?,NONE,23375,0.0489,-0.0892,-0.9826,0.1555,3.0195,-4.9766,-9.3320,0.0195,0.1680,-2.1289,4.4375,-1.3359,0.2969,4
2,?,NONE,23385,0.0514,-0.0770,-0.9835,0.1556,2.9414,-5.1289,-9.2969,0.0195,0.1680,-2.1289,4.4375,-1.3359,0.2969,4
2,?,NONE,23496,0.0676,0.0707,-0.9839,0.1496,1.2969,-4.7109,-9.5273,0.1621,0.1680,-2.7793,4.4375,-1.3359,0.2969,4
2,?,NONE,23515,0.0729,0.0980,-0.9811,0.1501,1.4883,-4.6719,-9.6445,0.1621,0.1680,-2.7793,4.4375,-1.3359,0.2969,4
2,?,NONE,23536,0.0760,0.1258,-0.9777,0.1502,1.7539,-4.7109,-9.6055,0.1621,0.1680,-2.7793,4.4375,-1.3359,0.2969,4
2,?,NONE,23550,0.0771,0.1401,-0.9756,0.1501,1.4492,-4.6719,-9.4844,0.1621,0.1680,-2.7793,4.4375,-1.3359,0.2969,4
2,?,NONE,23562,0.0784,0.1532,-0.9736,0.1497,1.4492,-4.6328,-9.4883,0.1621,0.1680,-2.7793,4.4375,-1.3359,0.2969,4
2,?,NONE,23685,0.1130,0.3253,-0.9269,0.1494,0.8750,-3.0625,-9.6445,0.1836,0.1289,-2.7559,-2.5586,-0.9688,-0.2812,4
2,?,NONE,23695,0.1155,0.3369,-0.9224,0.1498,0.5312,-2.8320,-9.6836,0.1836,0.1289,-2.7559,-2.5586,-0.9688,-0.2812,4
2,?,NONE,23816,0.1360,0.4409,-0.8746,0.1490,1.7188,-1.7227,-9.5234,0.1895,0.0879,-1.4297,-3.2070,-0.6953,-0.0625,4
2,?,NONE,23866,0.1402,0.4658,-0.8607,0.1503,2.7148,-2.0273,-9.7930,0.1074,0.0176,-1.0684,-1.9609,-0.5039,-0.3672,4
2,?,NONE,23876,0.1406,0.4703,-0.8584,0.1491,2.7148,-1.9141,-9.6836,0.1074,0.0176,-1.0684,-1.9609,-0.5039,-0.3672,4
2,?,NONE,23907,0.1418,0.4822,-0.8525,0.1432,2.6367,-1.1836,-9.6445,-0.1934,-0.2187,-0.9453,-1.9609,-0.5039,-0.3672,4
2,?,NONE,23917,0.1425,0.4859,-0.8506,0.1414,2.6758,-1.2227,-9.6445,-0.1934,-0.2187,-0.9453,-1.9609,-0.5039,-0.3672,4
2,?,NONE,23936,0.1447,0.4927,-0.8469,0.1385,2.5977,-0.9922,-9.6016,-0.1934,-0.2187,-0.9453,-1.5391,-0.1797,-0.3750,4
2,?,NONE,23947,0.1457,0.4955,-0.8452,0.1373,2.5977,-0.9922,-9.5625,-0.1934,-0.2187,-0.9453,-1.5391,-0.1797,-0.3750,4
2,?,NONE,23957,0.1469,0.4984,-0.8436,0.1360,2.4844,-0.8789,-9.5625,-0.1934,-0.2187,-0.9453,-1.5391,-0.1797,-0.3750,4
2,?,NONE,23976,0.1488,0.5032,-0.8408,0.1331,2.7891,-0.8008,-9.4492,-0.1934,-0.2187,-0.9453,-1.1797,-0.2539,-0.2539,4
2,?,NONE,23987,0.1492,0.5052,-0.8398,0.1313,2.9414,-0.6484,-9.4883,-0.1934,-0.2187,-0.9453,-1.1797,-0.2539,-0.2539,4
2,?,NONE,23997,0.1494,0.5072,-0.8389,0.1292,3.0195,-0.8008,-9.5234,-0.1934,-0.2187,-0.9453,-1.1797,-0.2539,-0.2539,4
2,?,NONE,24011,0.1492,0.5090,-0.8382,0.1267,3.1719,-0.7266,-9.5234,-0.1934,-0.2187,-0.9453,-1.1797,-0.2539,-0.2539,4
2,?,NONE,24023,0.1489,0.5108,-0.8376,0.1240,3.0977,-0.7656,-9.5273,-0.1934,-0.2187,-0.9453,-1.1797,-0.2539,-0.2539,4
2,?,NONE,24047,0.1487,0.5154,-0.8360,0.1156,3.2109,-0.6875,-9.5273,-0.1934,-0.2187,-0.9453,-1.1797,-0.2539,-0.2539,4
2,?,NONE,24057,0.1495,0.5167,-0.8354,0.1131,3.1328,-0.5742,-9.5664,-0.1934,-0.2187,-0.9453,-1.1797,-0.2539,-0.2539,4
2,?,NONE,24067,0.1508,0.5179,-0.8347,0.1110,3.2109,-0.4180,-9.6016,-0.1934,-0.2187,-0.9453,-1.1797,-0.2539,-0.2539,4
2,?,NONE,24077,0.1526,0.5193,-0.8337,0.1092,3.4805,-0.4180,-9.5234,-0.1934,-0.2187,-0.9453,-1.1797,-0.2539,-0.2539,4
2,?,NONE,24087,0.1544,0.5206,-0.8328,0.1076,3.4805,-0.4180,-9.5234,-0.1934,-0.2187,-0.9453,-1.1797,-0.2539,-0.2539,4
2,?,NONE,24098,0.1558,0.5218,-0.8320,0.1061,4.2852,-0.4961,-9.6016,-0.1934,-0.2187,-0.9453,-1.1797,-0.2539,-0.2539,4
2,?,NONE,24170,0.1602,0.5322,-0.8268,0.0870,3.6719,0.0781,-9.6406,-0.5469,-0.2734,-0.4629,0.2109,-0.5117,-0.2109,4
2,?,NONE,24187,0.1625,0.5361,-0.8245,0.0804,3.7109,0.2305,-9.6406,-0.5469,-0.2734,-0.4629,0.2109,-0.5117,-0.2109,4
2,?,NONE,24197,0.1636,0.5381,-0.8232,0.0773,3.9023,0.1953,-9.6055,-0.5469,-0.2734,-0.4629,0.2109,-0.5117,-0.2109,4
2,?,NONE,24267,0.1676,0.5543,-0.8137,0.0512,2.8281,1.0000,-9.5625,-0.6367,-0.3691,-0.6895,0.0039,-0.1602,-0.0586,4
2,?,NONE,24277,0.1689,0.5568,-0.8120,0.0476,2.7891,1.1133,-9.5625,-0.6367,-0.3691,-0.6895,0.0039,-0.1602,-0.0586,4
2,?,NONE,24518,0.3022,0.5628,-0.7674,0.0553,4.4375,2.9922,-8.6055,-0.9043,0.9785,-0.1426,0.0039,-0.1602,-0.0586,4
2,?,NONE,24528,0.3099,0.5614,-0.7653,0.0551,4.4766,3.1445,-8.4180,-0.9043,0.9785,-0.1426,0.0039,-0.1602,-0.0586,4
2,?,NONE,24538,0.3177,0.5599,-0.7632,0.0554,4.5898,3.1836,-8.2227,-0.9043,0.9785,-0.1426,0.0039,-0.1602,-0.0586,4
2,?,NONE,24568,0.3388,0.5559,-0.7570,0.0552,5.3164,3.2187,-7.7578,-0.8594,1.3047,-0.1094,0.0039,-0.1602,-0.0586,4
2,?,NONE,24578,0.3446,0.5544,-0.7556,0.0543,5.4336,3.3359,-7.7617,-0.8594,1.3047,-0.1094,0.0039,-0.1602,-0.0586,4
2,?,NONE,24588,0.3494,0.5529,-0.7546,0.0530,5.4336,3.3359,-7.7617,-0.8594,1.3047,-0.1094,0.0039,-0.1602,-0.0586,4
2,?,NONE,24699,0.4200,0.5261,-0.7365,0.0672,6.1211,3.7930,-6.3828,-0.4785,1.4590,0.3965,-0.7031,0.1953,-0.0859,4
2,?,NONE,24828,0.5486,0.4677,-0.6746,0.1588,8.2656,2.8750,-3.3594,-0.1348,3.0645,0.7129,-1.4063,0.4180,-0.0312,4
2,?,NONE,24839,0.5591,0.4623,-0.6675,0.1679,8.8086,2.4531,-2.9375,-0.1348,3.0645,0.7129,-1.4063,0.4180,-0.0312,4
2,?,NONE,24849,0.5696,0.4568,-0.6600,0.1768,8.9922,1.9570,-2.7852,-0.1348,3.0645,0.7129,-1.4063,0.4180,-0.0312,4
2,?,NONE,24863,0.5804,0.4512,-0.6520,0.1859,9.8008,1.9180,-1.7891,-0.1348,3.0645,0.7129,-1.4063,0.4180,-0.0312,4
2,?,NONE,24874,0.5908,0.4459,-0.6436,0.1949,10.2187,1.6484,-1.4414,-0.1348,3.0645,0.7129,-1.4063,0.4180,-0.0312,4
2,?,NONE,24884,0.6006,0.4413,-0.6349,0.2035,10.2187,1.6484,-1.4414,-0.1348,3.0645,0.7129,-1.4063,0.4180,-0.0312,4
2,?,NONE,24909,0.6256,0.4301,-0.6108,0.2247,9.5352,1.4961,-0.2187,0.0586,2.8926,0.2910,-1.4063,0.4180,-0.0312,4
2,?,NONE,24919,0.6333,0.4266,-0.6028,0.2313,9.7578,1.3438,0.1680,0.0586,2.8926,0.2910,-1.4063,0.4180,-0.0312,4
2,?,NONE,24929,0.6409,0.4231,-0.5946,0.2381,9.4180,1.3828,0.2422,0.0586,2.8926,0.2910,-1.4063,0.4180,-0.0312,4
2,?,NONE,24939,0.6493,0.4191,-0.5851,0.2457,9.6133,1.1133,0.6250,0.0586,2.8926,0.2910,-1.4063,0.4180,-0.0312,4
2,?,NONE,24989,0.6851,0.4054,-0.5342,0.2844,10.6836,-0.2266,2.7344,0.5703,3.0000,0.1250,-1.4063,0.4180,-0.0312,4
2,?,NONE,24999,0.6901,0.4047,-0.5248,0.2910,10.6406,-0.2266,3.2305,0.5703,3.0000,0.1250,-1.4063,0.4180,-0.0312,4
2,?,NONE,25009,0.6944,0.4043,-0.5158,0.2972,10.6836,-0.3437,3.6133,0.5703,3.0000,0.1250,-1.4063,0.4180,-0.0312,4
2,?,NONE,25019,0.6985,0.4041,-0.5064,0.3038,10.6836,-0.3437,3.6133,0.5703,3.0000,0.1250,-1.4063,0.4180,-0.0312,4
2,?,NONE,25069,0.7158,0.4055,-0.4518,0.3450,10.2969,-1.1094,6.6797,1.3691,2.6660,0.0469,0.2969,-3.3750,3.0977,4
2,?,NONE,25080,0.7180,0.4080,-0.4377,0.3555,9.9961,-0.6875,6.6016,1.3691,2.6660,0.0469,0.2969,-3.3750,3.0977,4
2,?,NONE,25099,0.7202,0.4148,-0.4108,0.3748,9.7578,0.3086,6.4492,1.3691,2.6660,0.0469,0.6641,-2.6953,3.6641,4
2,?,NONE,25109,0.7204,0.4188,-0.3981,0.3836,9.4141,0.5391,6.2969,1.3691,2.6660,0.0469,0.6641,-2.6953,3.6641,4
2,?,NONE,25119,0.7202,0.4234,-0.3842,0.3930,9.0352,0.8086,6.0273,1.3691,2.6660,0.0469,0.6641,-2.6953,3.6641,4
2,?,NONE,25170,0.7712,0.3972,-0.3755,0.3264,8.3477,1.5352,5.5664,2.7695,2.2852,-0.2773,0.6641,-2.6953,3.6641,4
2,?,NONE,25180,0.7698,0.4050,-0.3622,0.3350,8.4609,2.3398,4.9531,2.7695,2.2852,-0.2773,0.6641,-2.6953,3.6641,4
2,?,NONE,25190,0.7679,0.4134,-0.3482,0.3436,8.8437,3.2187,4.4961,2.7695,2.2852,-0.2773,0.6641,-2.6953,3.6641,4
2,?,NONE,25200,0.7656,0.4224,-0.3345,0.3517,8.6875,3.6797,4.1484,2.7695,2.2852,-0.2773,0.6641,-2.6953,3.6641,4
2,?,NONE,25219,0.7587,0.4421,-0.3072,0.3667,8.1094,4.1406,2.7695,2.7695,2.2852,-0.2773,0.6641,-2.6953,3.6641,4
2,?,NONE,25260,0.7401,0.4808,-0.2571,0.3936,8.8750,5.1367,-2.3984,3.2090,1.5117,-0.3477,0.0859,0.3711,-3.1250,4
2,?,NONE,25270,0.7346,0.4898,-0.2466,0.3995,9.0703,5.0586,-3.2812,3.2090,1.5117,-0.3477,0.0859,0.3711,-3.1250,4
2,?,NONE,25280,0.7295,0.4979,-0.2373,0.4044,9.1484,5.5195,-4.1992,3.2090,1.5117,-0.3477,0.0859,0.3711,-3.1250,4
2,?,NONE,25299,0.7218,0.5104,-0.2244,0.4100,9.3750,5.4023,-5.4258,3.2090,1.5117,-0.3477,0.0859,0.3711,-3.1250,4
2,?,NONE,25550,0.7887,0.3990,-0.3228,0.3385,7.4258,2.0703,7.7109,-1.8906,-0.3906,0.1660,1.8047,0.2852,-9.3984,4
2,?,NONE,25570,0.7929,0.3867,-0.3326,0.3333,7.3086,1.6094,9.6289,-1.8906,-0.3906,0.1660,-0.5352,-2.2266,4.4141,4
2,?,NONE,25580,0.7944,0.3815,-0.3368,0.3318,7.4258,1.7266,10.2031,-1.8906,-0.3906,0.1660,-0.5352,-2.2266,4.4141,4
2,?,NONE,25591,0.7953,0.3772,-0.3400,0.3311,7.5781,1.0000,10.6641,-1.8906,-0.3906,0.1660,-0.5352,-2.2266,4.4141,4
2,?,NONE,25605,0.7961,0.3736,-0.3423,0.3308,7.5781,0.3477,11.9609,-1.8906,-0.3906,0.1660,-0.5352,-2.2266,4.4141,4
2,?,NONE,25617,0.7965,0.3712,-0.3440,0.3307,7.5391,0.1953,12.3828,-1.8906,-0.3906,0.1660,-0.5352,-2.2266,4.4141,4
2,?,NONE,25629,0.7965,0.3698,-0.3452,0.3311,7.6172,0.1562,12.6602,-1.8906,-0.3906,0.1660,-0.5352,-2.2266,4.4141,4
2,?,NONE,25650,0.7927,0.3726,-0.3472,0.3350,7.5781,0.6914,11.8555,0.1152,-0.1152,0.2402,-0.5352,-2.2266,4.4141,4
2,?,NONE,25661,0.7900,0.3759,-0.3472,0.3376,7.4648,0.6523,11.6562,0.1152,-0.1152,0.2402,-0.5352,-2.2266,4.4141,4
2,?,NONE,25671,0.7870,0.3797,-0.3468,0.3409,7.1172,0.8438,11.1953,0.1152,-0.1152,0.2402,-0.5352,-2.2266,4.4141,4
2,?,NONE,25761,0.7454,0.4442,-0.3121,0.3870,8.1094,2.5312,3.7305,2.5742,0.1445,0.1992,-0.5352,-2.2266,4.4141,4
2,?,NONE,25862,0.6893,0.5192,-0.2590,0.4339,8.6484,4.5625,-1.5977,2.0508,0.3711,0.1758,0.1875,-1.2656,-1.0156,4
2,?,NONE,25902,0.6730,0.5381,-0.2446,0.4446,8.4609,5.1367,-2.4375,1.3047,0.0645,0.0410,0.6953,0.0391,-5.1992,4
2,?,NONE,25916,0.6705,0.5411,-0.2424,0.4460,8.5742,5.3281,-2.5937,1.3047,0.0645,0.0410,0.6953,0.0391,-5.1992,4
2,?,NONE,25928,0.6686,0.5433,-0.2408,0.4468,8.6133,5.2500,-2.5547,1.3047,0.0645,0.0410,0.6953,0.0391,-5.1992,4
2,?,NONE,25981,0.6653,0.5479,-0.2411,0.4461,8.4922,5.1367,-0.7148,-0.1172,-0.1152,-0.0645,0.6953,0.0391,-5.1992,4
2,?,NONE,25995,0.6663,0.5472,-0.2423,0.4449,8.3477,5.1367,-0.0625,-0.1172,-0.1152,-0.0645,0.6953,0.0391,-5.1992,4
2,?,NONE,26022,0.6712,0.5430,-0.2479,0.4395,8.0430,4.8281,1.0469,-0.5566,-0.2363,-0.1113,0.6953,0.0391,-5.1992,4
2,?,NONE,26131,0.6881,0.5242,-0.2704,0.4226,8.0430,4.5234,3.8437,-0.4473,-0.1445,-0.0039,0.6953,0.0391,-5.1992,4
2,?,NONE,26142,0.6888,0.5234,-0.2717,0.4217,7.9609,4.4844,3.8828,-0.4473,-0.1445,-0.0039,0.6953,0.0391,-5.1992,4
2,?,NONE,26192,0.6911,0.5200,-0.2737,0.4208,8.2305,4.7891,3.8437,-0.0820,0.0723,0.0137,-0.0547,-0.2891,1.0195,4
2,?,NONE,26202,0.6910,0.5200,-0.2737,0.4210,8.2305,4.7539,3.6914,-0.0820,0.0723,0.0137,-0.0547,-0.2891,1.0195,4
2,?,NONE,26212,0.6907,0.5203,-0.2736,0.4211,8.2656,4.6758,3.6133,-0.0820,0.0723,0.0137,-0.0547,-0.2891,1.0195,4
2,?,NONE,26232,0.6899,0.5212,-0.2734,0.4214,8.1875,4.7148,3.0781,-0.0820,0.0723,0.0137,-0.0547,-0.2891,1.0195,4
2,?,NONE,26242,0.6896,0.5217,-0.2735,0.4214,8.1133,4.7148,3.0000,-0.0820,0.0723,0.0137,-0.0547,-0.2891,1.0195,4
2,?,NONE,26261,0.6890,0.5222,-0.2738,0.4214,8.1133,4.7148,2.6172,-0.0820,0.0723,0.0137,-0.0547,-0.0742,-0.2656,4
2,?,NONE,26272,0.6888,0.5223,-0.2739,0.4215,8.1094,4.7539,2.5430,-0.0820,0.0723,0.0137,-0.0547,-0.0742,-0.2656,4
2,?,NONE,26282,0.6888,0.5225,-0.2738,0.4216,8.1523,4.7891,2.5039,-0.0820,0.0723,0.0137,-0.0547,-0.0742,-0.2656,4
2,?,NONE,26292,0.6887,0.5226,-0.2736,0.4216,8.1875,4.8281,2.5039,-0.0820,0.0723,0.0137,-0.0547,-0.0742,-0.2656,4
2,?,NONE,26352,0.6879,0.5239,-0.2731,0.4217,8.0039,4.7891,2.4258,-0.0137,-0.0312,-0.0059,0.0195,-0.0742,-0.5117,4
2,?,NONE,26362,0.6879,0.5237,-0.2733,0.4216,8.0391,4.7539,2.4258,-0.0137,-0.0312,-0.0059,0.0195,-0.0742,-0.5117,4
2,?,NONE,26373,0.6882,0.5235,-0.2734,0.4213,8.0039,4.7539,2.4648,-0.0137,-0.0312,-0.0059,0.0195,-0.0742,-0.5117,4
2,?,NONE,26423,0.6887,0.5237,-0.2741,0.4199,7.9609,4.7148,2.6953,-0.0117,-0.0566,-0.0469,0.0195,-0.0742,-0.5117,4
2,R,NONE,26483,0.6891,0.5240,-0.2737,0.4190,8.0391,4.7539,2.6562,-0.0273,0.0137,-0.0508,-0.1172,-0.0586,-0.2734,4
2,R,NONE,26497,0.6892,0.5241,-0.2736,0.4189,7.9648,4.8672,2.6953,-0.0273,0.0137,-0.0508,-0.1172,-0.0586,-0.2734,4
2,R,NONE,26509,0.6892,0.5242,-0.2734,0.4189,7.9609,4.8281,2.6562,-0.0273,0.0137,-0.0508,-0.1172,-0.0586,-0.2734,4
2,R,NONE,26553,0.6885,0.5256,-0.2724,0.4191,7.9648,4.6758,2.4648,0.0801,-0.0488,-0.0371,-0.1172,-0.0586,-0.2734,4
2,R,NONE,26563,0.6882,0.5260,-0.2725,0.4188,7.7656,4.7891,2.4648,0.0801,-0.0488,-0.0371,-0.1172,-0.0586,-0.2734,4
2,R,NONE,26763,0.6860,0.5255,-0.2718,0.4235,8.3867,4.8281,2.6172,0.0215,0.0645,0.0547,0.2891,0.0312,-0.3086,4
2,R,NONE,26773,0.6859,0.5256,-0.2720,0.4236,8.3867,4.8281,2.5781,0.0215,0.0645,0.0547,0.2891,0.0312,-0.3086,4
2,R,NONE,26783,0.6857,0.5257,-0.2722,0.4236,8.3867,4.8672,2.6172,0.0215,0.0645,0.0547,0.2891,0.0312,-0.3086,4
2,R,NONE,26793,0.6855,0.5259,-0.2724,0.4234,8.3477,4.8672,2.6172,0.0215,0.0645,0.0547,0.2891,0.0312,-0.3086,4
2,R,NONE,26843,0.6850,0.5272,-0.2707,0.4238,8.3437,4.8281,2.4648,0.0820,0.0937,-0.0410,0.2891,0.0312,-0.3086,4
2,R,NONE,26853,0.6849,0.5275,-0.2703,0.4238,8.3086,4.9062,2.4648,0.0820,0.0937,-0.0410,0.2891,0.0312,-0.3086,4
2,R,NONE,26863,0.6849,0.5279,-0.2700,0.4236,8.1875,4.8281,2.4648,0.0820,0.0937,-0.0410,0.2891,0.0312,-0.3086,4
2,R,NONE,26873,0.6849,0.5283,-0.2698,0.4232,8.1875,4.8281,2.3867,0.0820,0.0937,-0.0410,0.2891,0.0312,-0.3086,4
2,R,NONE,27074,0.6666,0.5880,-0.3616,0.2813,11.7109,4.0234,1.1641,0.2109,-3.1641,-1.6504,0.2148,-0.1367,-0.3984,4
3,?,NONE,27705,0.0586,0.4048,-0.8693,-0.2775,5.1641,-3.2148,-15.6211,0.3340,-0.8164,0.3555,7.4414,-8.1133,-8.1328,4
3,?,NONE,27715,0.0566,0.4053,-0.8685,-0.2798,4.8984,-2.7539,-14.8516,0.3340,-0.8164,0.3555,7.4414,-8.1133,-8.1328,4
3,?,NONE,27726,0.0560,0.4072,-0.8665,-0.2834,4.8594,-1.7969,-14.1562,0.3340,-0.8164,0.3555,7.4414,-8.1133,-8.1328,4
3,?,NONE,27745,0.0577,0.4137,-0.8605,-0.2917,4.6289,-0.1523,-13.0078,0.3340,-0.8164,0.3555,7.4414,-8.1133,-8.1328,4
3,?,NONE,27775,0.0639,0.4270,-0.8489,-0.3050,3.2891,1.8789,-10.6719,0.3340,-0.8164,0.3555,5.4023,-4.7695,-3.9336,4
3,?,NONE,27786,0.0662,0.4318,-0.8444,-0.3100,2.6758,1.9961,-10.2539,0.3340,-0.8164,0.3555,5.4023,-4.7695,-3.9336,4
3,?,NONE,27796,0.0685,0.4370,-0.8397,-0.3150,1.9844,2.0703,-9.7187,0.3340,-0.8164,0.3555,5.4023,-4.7695,-3.9336,4
3,?,NONE,27810,0.0708,0.4430,-0.8345,-0.3199,0.7227,2.8750,-9.1055,0.3340,-0.8164,0.3555,5.4023,-4.7695,-3.9336,4
3,?,NONE,27826,0.0757,0.4579,-0.8221,-0.3299,0.1484,3.2187,-9.1445,-1.3184,0.5195,-1.6816,5.4023,-4.7695,-3.9336,4
3,?,NONE,27866,0.0872,0.4994,-0.7883,-0.3488,-1.5391,4.5625,-7.7305,-1.3184,0.5195,-1.6816,-0.4531,-1.2969,-0.0195,4
3,?,NONE,27877,0.0892,0.5110,-0.7782,-0.3540,-3.0703,5.5586,-7.2266,-1.3184,0.5195,-1.6816,-0.4531,-1.2969,-0.0195,4
3,?,NONE,27967,0.1060,0.5872,-0.7016,-0.3896,-12.2305,10.7266,-2.5547,-0.9980,0.5918,-1.5781,-0.4531,-1.2969,-0.0195,4
3,?,NONE,28006,0.1121,0.6036,-0.6850,-0.3923,-12.3047,11.1484,-1.1758,-0.5664,0.5859,-1.0059,-9.4492,4.3711,4.4336,4
3,?,NONE,28016,0.1121,0.6042,-0.6849,-0.3915,-12.1523,10.9180,-0.9063,-0.5664,0.5859,-1.0059,-9.4492,4.3711,4.4336,4
3,?,NONE,28026,0.1115,0.6026,-0.6870,-0.3906,-12.0742,10.8047,-0.8281,-0.5664,0.5859,-1.0059,-9.4492,4.3711,4.4336,4
3,?,NONE,28036,0.1102,0.5989,-0.6908,-0.3898,-11.5742,10.5352,-0.9453,-0.5664,0.5859,-1.0059,-9.4492,4.3711,4.4336,4
3,?,NONE,28227,0.0551,0.4062,-0.8519,-0.3258,0.4531,1.9570,-10.2891,1.4766,-1.1055,2.0996,-1.5625,-0.6367,1.5273,4
3,?,NONE,28237,0.0503,0.3959,-0.8589,-0.3211,0.4531,1.9570,-10.2891,1.4766,-1.1055,2.0996,-1.5625,-0.6367,1.5273,4
3,?,NONE,28247,0.0461,0.3862,-0.8652,-0.3163,0.6836,1.7266,-10.8672,1.4766,-1.1055,2.0996,-1.5625,-0.6367,1.5273,4
3,?,NONE,28281,0.0394,0.3622,-0.8812,-0.3015,1.9844,0.4609,-12.2422,1.2813,-0.4082,1.6445,-1.5625,-0.6367,1.5273,4
3,?,NONE,28297,0.0364,0.3499,-0.8888,-0.2938,2.0625,0.5781,-12.3203,1.2813,-0.4082,1.6445,-1.5625,-0.6367,1.5273,4
3,?,NONE,28307,0.0347,0.3445,-0.8918,-0.2913,2.0234,0.8828,-12.1641,1.2813,-0.4082,1.6445,-1.5625,-0.6367,1.5273,4
3,?,NONE,28347,0.0300,0.3273,-0.9003,-0.2852,2.8672,1.5742,-12.6680,0.4297,-0.2402,0.7871,-1.5625,-0.6367,1.5273,4
3,?,NONE,28427,0.0349,0.3265,-0.8987,-0.2908,2.3672,2.0312,-11.1328,-0.5039,0.1445,-0.4414,-1.5625,-0.6367,1.5273,4
3,?,NONE,28507,0.0594,0.3648,-0.8759,-0.3103,-0.0078,4.1406,-8.3398,-0.9063,0.9824,-1.4648,3.3828,-3.6094,-2.8398,4
3,?,NONE,28547,0.0662,0.3932,-0.8570,-0.3264,-2.0000,6.3984,-7.0312,-1.0625,0.3848,-1.4922,3.3828,-3.6094,-2.8398,4
3,?,NONE,28557,0.0679,0.3998,-0.8524,-0.3301,-2.3047,6.7070,-6.9531,-1.0625,0.3848,-1.4922,3.3828,-3.6094,-2.8398,4
3,?,NONE,28568,0.0698,0.4064,-0.8478,-0.3334,-2.3047,6.8633,-6.7305,-1.0625,0.3848,-1.4922,3.3828,-3.6094,-2.8398,4
3,?,NONE,28578,0.0718,0.4128,-0.8434,-0.3362,-2.4219,7.0859,-6.6523,-1.0625,0.3848,-1.4922,3.3828,-3.6094,-2.8398,4
3,?,NONE,28598,0.0746,0.4247,-0.8354,-0.3409,-3.3008,7.8125,-6.3086,-1.0625,0.3848,-1.4922,3.3828,-3.6094,-2.8398,4
3,?,NONE,28608,0.0754,0.4302,-0.8315,-0.3433,-3.6445,8.0078,-6.1914,-1.0625,0.3848,-1.4922,3.3828,-3.6094,-2.8398,4
3,?,NONE,28628,0.0763,0.4396,-0.8247,-0.3475,-4.0273,8.4336,-6.2305,-1.0625,0.3848,-1.4922,-2.1680,2.2187,1.3516,4
3,?,NONE,28638,0.0767,0.4432,-0.8222,-0.3488,-4.1445,8.3125,-6.3477,-1.0625,0.3848,-1.4922,-2.1680,2.2187,1.3516,4
3,?,NONE,28648,0.0773,0.4468,-0.8198,-0.3497,-4.1445,8.2344,-6.5000,-1.0625,0.3848,-1.4922,-2.1680,2.2187,1.3516,4
3,?,NONE,28678,0.0801,0.4556,-0.8142,-0.3510,-3.8008,7.9727,-6.7305,-0.2598,0.3516,-0.6309,-2.1680,2.2187,1.3516,4
3,?,NONE,28688,0.0810,0.4576,-0.8128,-0.3512,-3.6836,7.8164,-6.7305,-0.2598,0.3516,-0.6309,-2.1680,2.2187,1.3516,4
3,?,NONE,28702,0.0818,0.4593,-0.8117,-0.3514,-3.2227,7.3906,-6.8828,-0.2598,0.3516,-0.6309,-2.1680,2.2187,1.3516,4
3,?,NONE,28713,0.0825,0.4607,-0.8108,-0.3516,-2.9961,7.2461,-6.9570,-0.2598,0.3516,-0.6309,-2.1680,2.2187,1.3516,4
3,?,NONE,28725,0.0832,0.4619,-0.8101,-0.3515,-2.8398,7.1680,-6.9570,-0.2598,0.3516,-0.6309,-2.1680,2.2187,1.3516,4
3,?,NONE,28738,0.0844,0.4637,-0.8091,-0.3509,-2.8398,7.1680,-6.9570,-0.2598,0.3516,-0.6309,-2.1680,2.2187,1.3516,4
3,?,NONE,28758,0.0854,0.4651,-0.8087,-0.3500,-2.4961,6.8594,-7.3477,-0.2598,0.3516,-0.6309,-2.1680,2.2187,1.3516,4
3,?,NONE,28769,0.0860,0.4656,-0.8085,-0.3496,-2.2266,6.7812,-7.4141,-0.2598,0.3516,-0.6309,-2.1680,2.2187,1.3516,4
3,?,NONE,28809,0.0876,0.4672,-0.8076,-0.3491,-1.6914,6.2852,-7.6484,-0.0352,0.0859,-0.0684,-0.1641,0.2109,-0.2109,4
3,?,NONE,28847,0.0876,0.4687,-0.8062,-0.3503,-1.6523,6.1680,-7.7266,-0.1152,-0.0547,-0.1191,0.1406,-0.0586,-0.4023,4
3,?,NONE,28918,0.0889,0.4708,-0.8036,-0.3532,-1.6523,6.0937,-7.3437,-0.0430,0.1016,-0.0508,0.1406,-0.0586,-0.4023,4
3,?,NONE,28928,0.0892,0.4711,-0.8033,-0.3533,-1.5781,6.0937,-7.4180,-0.0430,0.1016,-0.0508,0.1406,-0.0586,-0.4023,4
3,?,NONE,28968,0.0894,0.4724,-0.8017,-0.3551,-1.8086,6.4375,-7.2695,-0.1387,-0.0645,-0.1094,0.1406,-0.0586,-0.4023,4
3,?,NONE,28978,0.0893,0.4726,-0.8013,-0.3558,-1.8086,6.4375,-7.2695,-0.1387,-0.0645,-0.1094,0.1406,-0.0586,-0.4023,4
3,?,NONE,28989,0.0892,0.4728,-0.8010,-0.3563,-1.8438,6.5547,-7.2656,-0.1387,-0.0645,-0.1094,0.1406,-0.0586,-0.4023,4
3,?,NONE,29049,0.0895,0.4741,-0.8000,-0.3567,-1.7695,6.3984,-7.5312,-0.0391,-0.0059,-0.0684,-0.1094,0.1406,0.0000,4
3,R,NONE,29219,0.0878,0.4734,-0.8010,-0.3557,-1.5781,6.1680,-7.7617,0.0586,-0.0156,0.0312,-0.0859,0.1172,0.0234,4
3,R,NONE,29229,0.0878,0.4733,-0.8013,-0.3553,-1.5000,6.1680,-7.7266,0.0586,-0.0156,0.0312,-0.0859,0.1172,0.0234,4
3,R,NONE,29239,0.0880,0.4733,-0.8014,-0.3549,-1.5781,6.1680,-7.7266,0.0586,-0.0156,0.0312,-0.0859,0.1172,0.0234,4
3,R,NONE,29369,0.0878,0.4749,-0.8021,-0.3513,-1.8086,6.4766,-7.2695,0.0664,0.0547,-0.0059,-0.0312,0.0703,0.1562,4
3,R,NONE,29380,0.0873,0.4747,-0.8023,-0.3511,-1.8086,6.5156,-7.3047,0.0664,0.0547,-0.0059,-0.0312,0.0703,0.1562,4
3,R,NONE,29399,0.0864,0.4740,-0.8029,-0.3511,-1.9609,6.4766,-7.5352,0.0664,0.0547,-0.0059,-0.1406,0.2031,-0.0273,4
3,R,NONE,29410,0.0861,0.4737,-0.8033,-0.3506,-1.8828,6.3242,-7.6094,0.0664,0.0547,-0.0059,-0.1406,0.2031,-0.0273,4
3,R,NONE,29420,0.0859,0.4734,-0.8037,-0.3500,-1.8438,6.2852,-7.6523,0.0664,0.0547,-0.0059,-0.1406,0.2031,-0.0273,4
3,R,NONE,29430,0.0859,0.4733,-0.8041,-0.3492,-1.6914,6.2852,-7.7305,0.0664,0.0547,-0.0059,-0.1406,0.2031,-0.0273,4
3,R,NONE,29450,0.0862,0.4731,-0.8049,-0.3477,-1.5391,6.2070,-7.7266,0.0664,0.0547,-0.0059,-0.1406,0.2031,-0.0273,4
3,R,NONE,29460,0.0862,0.4730,-0.8053,-0.3470,-1.5391,6.2461,-7.7617,0.0664,0.0547,-0.0059,-0.1406,0.2031,-0.0273,4
3,R,NONE,29470,0.0861,0.4727,-0.8057,-0.3464,-1.5391,6.2461,-7.7617,0.0664,0.0547,-0.0059,-0.1406,0.2031,-0.0273,4
3,R,NONE,29500,0.0859,0.4718,-0.8069,-0.3447,-1.5391,6.2852,-7.8789,0.1055,-0.0039,0.0801,0.2187,-0.1680,-0.2852,4
3,R,NONE,29510,0.0863,0.4715,-0.8075,-0.3439,-1.5000,6.2461,-7.9180,0.1055,-0.0039,0.0801,0.2187,-0.1680,-0.2852,4
3,R,NONE,29540,0.0875,0.4711,-0.8089,-0.3407,-1.5781,6.2852,-8.0312,0.1387,0.1074,0.0801,0.1719,-0.0508,-0.4141,4
3,R,NONE,29554,0.0883,0.4710,-0.8095,-0.3393,-1.4609,6.2461,-8.1094,0.1387,0.1074,0.0801,0.1719,-0.0508,-0.4141,4
3,R,NONE,29570,0.0899,0.4708,-0.8105,-0.3366,-1.5391,6.3242,-8.0703,0.1660,0.2227,0.1309,0.1719,-0.0508,-0.4141,4
3,R,NONE,29580,0.0910,0.4706,-0.8112,-0.3348,-1.6172,6.3984,-8.0703,0.1660,0.2227,0.1309,0.1719,-0.0508,-0.4141,4
3,R,NONE,29590,0.0923,0.4706,-0.8119,-0.3330,-1.6172,6.3984,-8.0703,0.1660,0.2227,0.1309,0.1719,-0.0508,-0.4141,4
3,R,NONE,29620,0.0989,0.4708,-0.8142,-0.3251,-1.8086,6.6289,-7.8398,0.2910,0.6504,0.2637,0.1719,-0.0508,-0.4141,4
4,?,NONE,30081,0.0920,0.1050,-0.9811,-0.1337,2.4062,1.3047,-10.1758,0.6309,-0.0703,2.5527,0.1719,-0.0508,-0.4141,4
4,?,NONE,30091,0.0895,0.0801,-0.9839,-0.1319,2.5234,1.1523,-10.1719,0.6309,-0.0703,2.5527,0.1719,-0.0508,-0.4141,4
4,?,NONE,30101,0.0871,0.0574,-0.9860,-0.1304,2.5234,1.1523,-10.1719,0.6309,-0.0703,2.5527,0.1719,-0.0508,-0.4141,4
4,?,NONE,30112,0.0847,0.0374,-0.9873,-0.1292,2.9062,1.3047,-10.2109,0.6309,-0.0703,2.5527,0.1719,-0.0508,-0.4141,4
4,?,NONE,30211,0.0715,-0.1166,-0.9845,-0.1100,6.8516,-0.1523,-10.4062,0.1445,-0.3398,1.9629,0.1719,-0.0508,-0.4141,4
4,?,NONE,30292,0.0639,-0.1677,-0.9779,-0.1069,8.9961,-1.2227,-9.3281,-0.1152,-0.2715,0.7969,5.4180,-2.2266,-0.7031,4
4,?,NONE,30412,0.0752,-0.0843,-0.9874,-0.1110,6.4687,-2.0273,-9.2578,0.3066,0.7812,-2.4590,7.4766,-3.2148,0.5937,4
4,?,NONE,30442,0.0789,-0.0416,-0.9898,-0.1112,4.2070,-1.6445,-9.9062,0.2715,0.5469,-3.2031,7.4766,-3.2148,0.5937,4
4,?,NONE,30492,0.0919,0.0451,-0.9888,-0.1083,2.9062,-1.9531,-9.4844,0.4414,1.0137,-3.6523,7.4766,-3.2148,0.5937,4
4,?,NONE,30522,0.1034,0.1082,-0.9835,-0.1016,1.7188,-2.1797,-10.0664,0.7910,1.2227,-4.1875,0.5703,-4.4062,-0.0547,4
4,?,NONE,30532,0.1056,0.1301,-0.9809,-0.0989,1.1445,-2.1055,-10.1328,0.7910,1.2227,-4.1875,0.5703,-4.4062,-0.0547,4
4,?,NONE,30562,0.1093,0.1953,-0.9701,-0.0939,-0.7344,-1.4531,-10.2891,0.7090,0.7246,-4.3398,0.5703,-4.4062,-0.0547,4
4,?,NONE,30572,0.1108,0.2159,-0.9657,-0.0925,-0.8477,-1.4141,-10.3320,0.7090,0.7246,-4.3398,0.5703,-4.4062,-0.0547,4
4,?,NONE,30582,0.1127,0.2366,-0.9608,-0.0908,-1.2305,-1.4922,-10.3711,0.7090,0.7246,-4.3398,0.5703,-4.4062,-0.0547,4
4,?,NONE,30593,0.1146,0.2573,-0.9554,-0.0889,-1.6914,-1.3398,-10.3281,0.7090,0.7246,-4.3398,0.5703,-4.4062,-0.0547,4
4,?,NONE,30622,0.1196,0.3171,-0.9372,-0.0828,-2.9570,-0.9922,-10.1055,0.7090,0.7246,-4.3398,0.5703,-4.4062,-0.0547,4
4,?,NONE,30633,0.1205,0.3354,-0.9308,-0.0807,-3.1484,-0.8398,-10.2109,0.7090,0.7246,-4.3398,0.5703,-4.4062,-0.0547,4
4,?,NONE,30692,0.1111,0.4203,-0.8972,-0.0771,-5.8672,0.2305,-10.8281,0.5547,0.0391,-3.0273,0.5703,-4.4062,-0.0547,4
4,?,NONE,30833,0.1032,0.4494,-0.8831,-0.0876,-5.9844,2.0312,-9.8672,-0.3555,-0.2441,1.2773,-8.6719,-0.3203,-0.7812,4
4,?,NONE,30843,0.1036,0.4419,-0.8867,-0.0886,-5.6367,1.9570,-9.8672,-0.3555,-0.2441,1.2773,-8.6719,-0.3203,-0.7812,4
4,?,NONE,30853,0.1039,0.4334,-0.8907,-0.0895,-5.2539,1.8789,-9.7891,-0.3555,-0.2441,1.2773,-8.6719,-0.3203,-0.7812,4
4,?,NONE,30863,0.1040,0.4242,-0.8950,-0.0901,-4.8711,1.5742,-9.7539,-0.3555,-0.2441,1.2773,-8.6719,-0.3203,-0.7812,4
4,?,NONE,30883,0.1038,0.4030,-0.9047,-0.0912,-4.1055,0.8438,-9.7539,-0.3555,-0.2441,1.2773,-8.6719,-0.3203,-0.7812,4
4,?,NONE,30893,0.1038,0.3910,-0.9099,-0.0917,-3.6836,0.6523,-9.7500,-0.3555,-0.2441,1.2773,-8.6719,-0.3203,-0.7812,4
4,?,NONE,30923,0.1047,0.3513,-0.9258,-0.0925,-2.4570,0.1172,-9.7187,-0.2715,-0.3691,2.7695,-8.6719,-0.3203,-0.7812,4
4,?,NONE,30933,0.1057,0.3363,-0.9313,-0.0919,-2.1133,-0.1523,-9.7539,-0.2715,-0.3691,2.7695,-8.6719,-0.3203,-0.7812,4
4,?,NONE,30943,0.1069,0.3219,-0.9363,-0.0906,-1.7305,-0.3789,-9.7500,-0.2715,-0.3691,2.7695,-8.6719,-0.3203,-0.7812,4
4,?,NONE,30963,0.1090,0.2908,-0.9466,-0.0867,-0.3125,-0.7656,-10.1367,-0.2715,-0.3691,2.7695,-8.6719,-0.3203,-0.7812,4
4,?,NONE,30973,0.1094,0.2743,-0.9516,-0.0847,0.0703,-0.9180,-10.2930,-0.2715,-0.3691,2.7695,-8.6719,-0.3203,-0.7812,4
4,?,NONE,31003,0.1068,0.2233,-0.9655,-0.0809,1.0273,-0.7266,-10.7109,-0.2715,-0.3691,2.7695,-0.9141,-3.1055,-0.7969,4
4,?,NONE,31013,0.1052,0.2054,-0.9697,-0.0801,1.1055,-0.6484,-10.8281,-0.2715,-0.3691,2.7695,-0.9141,-3.1055,-0.7969,4
4,?,NONE,31024,0.1039,0.1869,-0.9736,-0.0792,1.3359,-0.6484,-10.8320,-0.2715,-0.3691,2.7695,-0.9141,-3.1055,-0.7969,4
4,?,NONE,31103,0.1094,0.0516,-0.9902,-0.0704,5.5078,-0.8008,-10.2148,-0.2598,-0.0742,3.2676,-0.9141,-3.1055,-0.7969,4
4,?,NONE,31114,0.1093,0.0356,-0.9908,-0.0707,5.7383,-0.8008,-10.1016,-0.2598,-0.0742,3.2676,-0.9141,-3.1055,-0.7969,4
4,?,NONE,31124,0.1088,0.0200,-0.9913,-0.0715,6.0078,-0.8008,-9.9883,-0.2598,-0.0742,3.2676,-0.9141,-3.1055,-0.7969,4
4,?,NONE,31134,0.1078,0.0049,-0.9915,-0.0726,6.1992,-0.7266,-9.8711,-0.2598,-0.0742,3.2676,-0.9141,-3.1055,-0.7969,4
4,?,NONE,31164,0.1047,-0.0372,-0.9908,-0.0767,7.2734,-0.6484,-9.6406,-0.2598,-0.0742,3.2676,-0.9141,-3.1055,-0.7969,4
4,?,NONE,31174,0.1035,-0.0498,-0.9903,-0.0779,7.5781,-0.5352,-9.6016,-0.2598,-0.0742,3.2676,-0.9141,-3.1055,-0.7969,4
4,?,NONE,31184,0.1022,-0.0624,-0.9896,-0.0792,7.5781,-0.5352,-9.6016,-0.2598,-0.0742,3.2676,-0.9141,-3.1055,-0.7969,4
4,?,NONE,31195,0.1007,-0.0735,-0.9890,-0.0804,8.3437,-0.5352,-9.3672,-0.2598,-0.0742,3.2676,-0.9141,-3.1055,-0.7969,4
4,?,NONE,31234,0.0937,-0.1085,-0.9858,-0.0867,8.7656,-0.1875,-9.1016,-0.2598,-0.0742,3.2676,-0.9141,-3.1055,-0.7969,4
4,?,NONE,31295,0.0878,-0.1285,-0.9831,-0.0967,8.9141,0.0039,-8.2617,-0.3262,-0.1328,0.1426,-0.9141,-3.1055,-0.7969,4
4,?,NONE,31504,0.0972,0.0427,-0.9909,-0.0829,2.4844,-0.1875,-10.5156,0.6523,0.4199,-2.3242,4.6914,-1.1523,1.2734,4
4,?,NONE,31514,0.0986,0.0553,-0.9902,-0.0816,2.5586,-0.1875,-10.2930,0.6523,0.4199,-2.3242,4.6914,-1.1523,1.2734,4
4,?,NONE,31525,0.1003,0.0679,-0.9894,-0.0807,2.6367,-0.1875,-10.0664,0.6523,0.4199,-2.3242,4.6914,-1.1523,1.2734,4
4,?,NONE,31544,0.1052,0.0942,-0.9868,-0.0793,2.0234,-0.1523,-9.7187,0.6523,0.4199,-2.3242,4.6914,-1.1523,1.2734,4
4,?,NONE,31555,0.1081,0.1078,-0.9852,-0.0784,1.6406,0.0039,-9.9062,0.6523,0.4199,-2.3242,4.6914,-1.1523,1.2734,4
4,?,NONE,31685,0.1408,0.2809,-0.9488,-0.0324,-0.1602,0.2305,-10.8711,0.9609,0.5898,-2.2637,-1.0508,-1.7656,-0.4531,4
4,?,NONE,31695,0.1412,0.2911,-0.9457,-0.0298,-0.2734,0.3477,-10.8281,0.9609,0.5898,-2.2637,-1.0508,-1.7656,-0.4531,4
4,?,NONE,31705,0.1414,0.3005,-0.9428,-0.0279,-0.5039,0.4609,-10.8281,0.9609,0.5898,-2.2637,-1.0508,-1.7656,-0.4531,4
4,?,NONE,31715,0.1412,0.3092,-0.9401,-0.0267,-0.5430,0.5781,-10.8281,0.9609,0.5898,-2.2637,-1.0508,-1.7656,-0.4531,4
4,?,NONE,31735,0.1396,0.3243,-0.9352,-0.0264,-0.7734,0.7305,-10.8281,0.9609,0.5898,-2.2637,-3.4453,-0.7617,-1.2734,4
4,?,NONE,31745,0.1385,0.3304,-0.9332,-0.0272,-0.8867,0.8086,-10.7500,0.9609,0.5898,-2.2637,-3.4453,-0.7617,-1.2734,4
4,?,NONE,31755,0.1370,0.3361,-0.9314,-0.0285,-0.9648,0.9219,-10.6719,0.9609,0.5898,-2.2637,-3.4453,-0.7617,-1.2734,4
4,?,NONE,31765,0.1352,0.3416,-0.9296,-0.0302,-0.9648,0.9219,-10.6719,0.9609,0.5898,-2.2637,-3.4453,-0.7617,-1.2734,4
4,?,NONE,31776,0.1334,0.3463,-0.9280,-0.0320,-1.1953,1.2656,-10.5156,0.9609,0.5898,-2.2637,-3.4453,-0.7617,-1.2734,4
4,?,NONE,31805,0.1295,0.3576,-0.9241,-0.0361,-1.3086,1.4570,-10.2930,0.9609,0.5898,-2.2637,-3.6211,-0.1602,-0.8438,4
4,?,NONE,31815,0.1289,0.3605,-0.9230,-0.0368,-1.1953,1.3438,-10.2109,0.9609,0.5898,-2.2637,-3.6211,-0.1602,-0.8438,4
4,?,NONE,31825,0.1285,0.3632,-0.9221,-0.0371,-1.0781,1.3047,-10.1758,0.9609,0.5898,-2.2637,-3.6211,-0.1602,-0.8438,4
4,?,NONE,31835,0.1285,0.3654,-0.9212,-0.0371,-1.0039,1.3438,-10.1055,0.9609,0.5898,-2.2637,-3.6211,-0.1602,-0.8438,4
4,?,NONE,31905,0.1258,0.3713,-0.9193,-0.0371,0.1094,1.6094,-9.8711,0.0352,-0.1582,-0.0059,-3.6211,-0.1602,-0.8438,4
4,?,NONE,31915,0.1251,0.3709,-0.9194,-0.0373,0.1836,1.7266,-9.9062,0.0352,-0.1582,-0.0059,-3.6211,-0.1602,-0.8438,4
4,?,NONE,32035,0.1240,0.3509,-0.9275,-0.0356,1.1055,1.9180,-10.5547,-0.0410,0.0430,0.4961,-1.1055,0.4102,-0.8555,4
4,?,NONE,32046,0.1240,0.3478,-0.9286,-0.0355,1.3711,1.8398,-10.5937,-0.0410,0.0430,0.4961,-1.1055,0.4102,-0.8555,4
4,?,NONE,32056,0.1240,0.3448,-0.9298,-0.0356,1.6016,1.6875,-10.5195,-0.0410,0.0430,0.4961,-1.1055,0.4102,-0.8555,4
4,?,NONE,32066,0.1237,0.3415,-0.9310,-0.0361,1.7930,1.6875,-10.5195,-0.0410,0.0430,0.4961,-1.1055,0.4102,-0.8555,4
4,?,NONE,32126,0.1213,0.3224,-0.9378,-0.0427,2.3320,1.6094,-10.4102,-0.2734,-0.1660,0.5840,-1.1055,0.4102,-0.8555,4
4,?,NONE,32136,0.1216,0.3196,-0.9387,-0.0437,2.4062,1.7656,-10.3281,-0.2734,-0.1660,0.5840,-1.1055,0.4102,-0.8555,4
4,?,NONE,32146,0.1221,0.3170,-0.9395,-0.0444,2.5234,1.7656,-10.2500,-0.2734,-0.1660,0.5840,-1.1055,0.4102,-0.8555,4
4,?,NONE,32196,0.1267,0.3050,-0.9427,-0.0472,3.1328,1.4961,-9.5273,-0.2031,0.1270,0.4746,0.7422,-0.0547,-0.2812,4
4,?,NONE,32206,0.1272,0.3030,-0.9432,-0.0485,3.1719,1.6094,-9.4453,-0.2031,0.1270,0.4746,0.7422,-0.0547,-0.2812,4
4,?,NONE,32216,0.1273,0.3011,-0.9437,-0.0501,3.1328,1.6484,-9.4062,-0.2031,0.1270,0.4746,0.7422,-0.0547,-0.2812,4
4,?,NONE,32227,0.1274,0.2993,-0.9442,-0.0518,3.0977,1.7266,-9.3281,-0.2031,0.1270,0.4746,0.7422,-0.0547,-0.2812,4
4,?,NONE,32277,0.1283,0.2933,-0.9456,-0.0582,2.9414,1.8398,-8.9492,-0.2695,-0.0449,0.2012,0.7422,-0.0547,-0.2812,4
4,?,NONE,32287,0.1288,0.2926,-0.9457,-0.0590,2.9414,1.8789,-8.9492,-0.2695,-0.0449,0.2012,0.7422,-0.0547,-0.2812,4
4,?,NONE,32297,0.1292,0.2921,-0.9457,-0.0596,2.9414,1.8789,-8.9844,-0.2695,-0.0449,0.2012,0.7422,-0.0547,-0.2812,4
4,?,NONE,32337,0.1300,0.2914,-0.9457,-0.0615,2.4844,1.9961,-8.9883,-0.0879,0.0039,-0.0039,0.6953,0.0039,0.7070,4
4,?,NONE,32351,0.1302,0.2915,-0.9457,-0.0617,2.3320,2.0703,-9.1406,-0.0879,0.0039,-0.0039,0.6953,0.0039,0.7070,4
4,?,NONE,32363,0.1304,0.2917,-0.9456,-0.0618,2.2930,2.0703,-9.2227,-0.0879,0.0039,-0.0039,0.6953,0.0039,0.7070,4
4,?,NONE,32617,0.1327,0.2943,-0.9445,-0.0604,2.0234,2.0312,-9.6406,0.0312,-0.0488,-0.0293,0.0352,-0.0352,0.1914,4
4,R,NONE,32697,0.1332,0.2965,-0.9440,-0.0562,2.1758,1.9180,-9.7539,0.1172,0.0625,-0.0293,0.0117,-0.0273,-0.1133,4
4,R,NONE,32708,0.1332,0.2968,-0.9440,-0.0558,2.2539,1.9180,-9.7227,0.1172,0.0625,-0.0293,0.0117,-0.0273,-0.1133,4
4,R,NONE,32718,0.1332,0.2970,-0.9439,-0.0557,2.2539,1.9570,-9.6797,0.1172,0.0625,-0.0293,0.0117,-0.0273,-0.1133,4
4,R,NONE,32728,0.1334,0.2972,-0.9438,-0.0555,2.2539,1.9570,-9.6055,0.1172,0.0625,-0.0293,0.0117,-0.0273,-0.1133,4
4,R,NONE,32747,0.1336,0.2979,-0.9436,-0.0550,2.2930,1.9570,-9.5664,0.1172,0.0625,-0.0293,0.0117,-0.0273,-0.1133,4
4,R,NONE,32758,0.1337,0.2982,-0.9435,-0.0547,2.2539,1.9570,-9.5664,0.1172,0.0625,-0.0293,0.0117,-0.0273,-0.1133,4
4,R,NONE,32772,0.1337,0.2985,-0.9434,-0.0545,2.1367,1.9570,-9.5664,0.1172,0.0625,-0.0293,0.0117,-0.0273,-0.1133,4
4,R,NONE,32783,0.1338,0.2990,-0.9433,-0.0544,2.1758,1.9570,-9.6016,0.1172,0.0625,-0.0293,0.0117,-0.0273,-0.1133,4
4,R,NONE,32795,0.1337,0.2994,-0.9431,-0.0543,2.1367,1.9570,-9.5664,0.1172,0.0625,-0.0293,0.0117,-0.0273,-0.1133,4
4,R,NONE,32808,0.1337,0.3003,-0.9429,-0.0540,2.1367,1.9570,-9.5664,0.1172,0.0625,-0.0293,0.0117,-0.0273,-0.1133,4
4,R,NONE,32828,0.1336,0.3010,-0.9427,-0.0533,2.1016,1.9961,-9.5664,0.1172,0.0625,-0.0293,0.0117,-0.0273,-0.1133,4
4,R,NONE,32838,0.1335,0.3013,-0.9427,-0.0529,2.1016,1.9570,-9.6406,0.1172,0.0625,-0.0293,0.0117,-0.0273,-0.1133,4
4,R,NONE,32848,0.1334,0.3015,-0.9426,-0.0526,2.1367,1.9570,-9.6797,0.1172,0.0625,-0.0293,0.0117,-0.0273,-0.1133,4
4,R,NONE,32919,0.1332,0.3026,-0.9424,-0.0509,2.2930,1.9570,-9.7500,0.0547,0.0703,-0.0117,-0.0117,0.0664,-0.1914,4
4,R,NONE,32932,0.1334,0.3027,-0.9423,-0.0506,2.3320,1.8047,-9.7930,0.0547,0.0703,-0.0117,-0.0117,0.0664,-0.1914,4
4,R,NONE,32945,0.1334,0.3029,-0.9423,-0.0504,2.2930,1.7656,-9.7539,0.0547,0.0703,-0.0117,-0.0117,0.0664,-0.1914,4
4,R,NONE,32959,0.1331,0.3031,-0.9423,-0.0502,2.2539,1.7656,-9.7930,0.0547,0.0703,-0.0117,-0.0117,0.0664,-0.1914,4
4,R,NONE,32979,0.1326,0.3033,-0.9423,-0.0505,2.2930,1.8398,-9.7500,0.0547,0.0703,-0.0117,-0.0117,0.0664,-0.1914,4
4,R,NONE,32989,0.1324,0.3033,-0.9423,-0.0505,2.2539,1.8789,-9.7891,0.0547,0.0703,-0.0117,-0.0117,0.0664,-0.1914,4
4,R,NONE,33002,0.1323,0.3035,-0.9423,-0.0505,2.2930,1.8398,-9.7891,0.0547,0.0703,-0.0117,-0.0117,0.0664,-0.1914,4
4,R,NONE,33019,0.1321,0.3040,-0.9421,-0.0502,2.2539,1.7656,-9.7187,0.0547,0.0703,-0.0117,-0.0117,0.0664,-0.1914,4
4,R,NONE,33029,0.1321,0.3042,-0.9421,-0.0500,2.2539,1.8047,-9.7930,0.0547,0.0703,-0.0117,-0.0117,0.0664,-0.1914,4
4,R,NONE,33039,0.1321,0.3044,-0.9420,-0.0499,2.2539,1.8047,-9.7930,0.0547,0.0703,-0.0117,-0.0117,0.0664,-0.1914,4
4,R,NONE,33108,0.1310,0.3058,-0.9417,-0.0502,2.1758,1.6484,-9.9062,-0.0098,-0.0488,-0.0430,0.0664,-0.0781,-0.1992,4
4,R,NONE,33118,0.1309,0.3060,-0.9417,-0.0504,2.1367,1.6875,-9.8672,-0.0098,-0.0488,-0.0430,0.0664,-0.0781,-0.1992,4
4,R,NONE,33188,0.1328,0.3093,-0.9401,-0.0533,2.2148,1.7266,-9.7227,-0.1289,0.0898,-0.1543,-0.0352,-0.1250,0.0312,4
4,R,NONE,33238,0.1387,0.3162,-0.9365,-0.0619,1.8711,1.6875,-9.9062,-0.3809,0.1680,-0.3730,-0.2656,-0.5039,-0.2344,4
4,R,NONE,33249,0.1405,0.3182,-0.9353,-0.0649,1.9453,1.6875,-9.9844,-0.3809,0.1680,-0.3730,-0.2656,-0.5039,-0.2344,4
4,R,NONE,33259,0.1425,0.3203,-0.9341,-0.0680,2.0234,1.8047,-9.9844,-0.3809,0.1680,-0.3730,-0.2656,-0.5039,-0.2344,4
4,R,NONE,33269,0.1450,0.3228,-0.9326,-0.0715,2.1758,1.9180,-10.1016,-0.3809,0.1680,-0.3730,-0.2656,-0.5039,-0.2344,4
4,R,NONE,33289,0.1513,0.3292,-0.9286,-0.0799,2.2148,1.9180,-10.2109,-0.3809,0.1680,-0.3730,-0.2656,-0.5039,-0.2344,4
4,R,NONE,33299,0.1550,0.3333,-0.9261,-0.0850,2.1016,1.9961,-9.9492,-0.3809,0.1680,-0.3730,-0.2656,-0.5039,-0.2344,4
4,R,NONE,33311,0.1586,0.3376,-0.9235,-0.0901,2.0625,1.9961,-9.9844,-0.3809,0.1680,-0.3730,-0.2656,-0.5039,-0.2344,4
4,R,NONE,33329,0.1658,0.3477,-0.9172,-0.1015,2.1367,2.0312,-9.8711,-0.3809,0.1680,-0.3730,-0.2656,-0.5039,-0.2344,4
4,R,NONE,33339,0.1693,0.3532,-0.9138,-0.1075,2.0625,2.1875,-9.8281,-0.3809,0.1680,-0.3730,-0.2656,-0.5039,-0.2344,4
4,R,NONE,33349,0.1727,0.3588,-0.9103,-0.1137,2.1758,2.2617,-9.7930,-0.3809,0.1680,-0.3730,-0.2656,-0.5039,-0.2344,4
4,R,NONE,33430,0.2055,0.4008,-0.8796,-0.1528,2.2930,3.7578,-9.1836,-1.0703,0.8438,-1.2617,-0.2656,-0.5039,-0.2344,4
5,?,NONE,33660,0.2509,0.4816,-0.7981,-0.2610,1.6797,5.9023,-7.6875,-0.9043,0.0859,-0.7578,-0.2656,-0.5039,-0.2344,4
5,?,NONE,33752,0.2645,0.4968,-0.7709,-0.2982,1.2578,6.8984,-6.9258,-0.8574,0.1074,-0.6133,-0.2656,-0.5039,-0.2344,4
5,?,NONE,33790,0.2716,0.5023,-0.7587,-0.3135,1.1445,7.3945,-6.5000,-0.8574,0.1074,-0.6133,0.1953,-0.3789,0.2148,4
5,?,NONE,33800,0.2732,0.5035,-0.7558,-0.3173,0.9141,7.5117,-6.4219,-0.8574,0.1074,-0.6133,0.1953,-0.3789,0.2148,4
5,?,NONE,33810,0.2747,0.5045,-0.7531,-0.3208,0.9141,7.5859,-6.3086,-0.8574,0.1074,-0.6133,0.1953,-0.3789,0.2148,4
5,?,NONE,33820,0.2761,0.5056,-0.7502,-0.3246,0.9141,7.5859,-6.3086,-0.8574,0.1074,-0.6133,0.1953,-0.3789,0.2148,4
5,?,NONE,33831,0.2774,0.5063,-0.7476,-0.3282,0.6445,7.6641,-6.0391,-0.8574,0.1074,-0.6133,0.1953,-0.3789,0.2148,4
5,?,NONE,33841,0.2787,0.5069,-0.7451,-0.3320,0.6055,7.7461,-6.0000,-0.8574,0.1074,-0.6133,0.1953,-0.3789,0.2148,4
5,?,NONE,33860,0.2814,0.5082,-0.7399,-0.3393,0.2617,7.9336,-5.8867,-0.8574,0.1074,-0.6133,-0.5195,-0.0664,0.5117,4
5,?,NONE,33871,0.2830,0.5091,-0.7369,-0.3431,0.2617,8.0078,-5.8086,-0.8574,0.1074,-0.6133,-0.5195,-0.0664,0.5117,4
5,?,NONE,33881,0.2847,0.5101,-0.7339,-0.3466,0.2617,8.1250,-5.7344,-0.8574,0.1074,-0.6133,-0.5195,-0.0664,0.5117,4
5,?,NONE,33900,0.2885,0.5120,-0.7280,-0.3531,0.2227,8.0898,-5.5039,-0.8574,0.1074,-0.6133,-0.5000,-0.0156,0.5820,4
5,?,NONE,33910,0.2902,0.5127,-0.7255,-0.3558,0.1094,8.1992,-5.4258,-0.8574,0.1074,-0.6133,-0.5000,-0.0156,0.5820,4
5,?,NONE,33921,0.2919,0.5132,-0.7229,-0.3588,0.0312,8.2773,-5.3516,-0.8574,0.1074,-0.6133,-0.5000,-0.0156,0.5820,4
5,?,NONE,33935,0.2936,0.5135,-0.7206,-0.3617,0.0312,8.3516,-5.1953,-0.8574,0.1074,-0.6133,-0.5000,-0.0156,0.5820,4
5,?,NONE,33946,0.2953,0.5137,-0.7184,-0.3645,0.0312,8.3516,-5.1953,-0.8574,0.1074,-0.6133,-0.5000,-0.0156,0.5820,4
5,?,NONE,33961,0.2985,0.5140,-0.7140,-0.3701,-0.1211,8.3516,-5.0820,-0.8574,0.1074,-0.6133,-0.5000,-0.0156,0.5820,4
5,?,NONE,33975,0.3001,0.5142,-0.7117,-0.3727,-0.2734,8.4336,-4.8906,-0.8574,0.1074,-0.6133,-0.5000,-0.0156,0.5820,4
5,?,NONE,33986,0.3018,0.5144,-0.7094,-0.3755,-0.2383,8.5078,-4.8125,-0.8574,0.1074,-0.6133,-0.5000,-0.0156,0.5820,4
5,?,NONE,33998,0.3033,0.5147,-0.7071,-0.3782,-0.1211,8.4687,-4.7773,-0.8574,0.1074,-0.6133,-0.5000,-0.0156,0.5820,4
5,?,NONE,34101,0.3190,0.5146,-0.6843,-0.4063,-0.3125,8.6953,-3.8945,-0.6543,0.0605,-0.1914,-0.5000,-0.0156,0.5820,4
5,?,NONE,34131,0.3237,0.5151,-0.6786,-0.4116,-0.3906,8.8906,-3.7812,-0.6543,0.0605,-0.1914,-0.5312,-0.1250,0.9297,4
5,?,NONE,34141,0.3251,0.5153,-0.6769,-0.4130,-0.3516,8.8516,-3.7812,-0.6543,0.0605,-0.1914,-0.5312,-0.1250,0.9297,4
5,?,NONE,34151,0.3264,0.5154,-0.6753,-0.4145,-0.3516,8.8516,-3.7812,-0.6543,0.0605,-0.1914,-0.5312,-0.1250,0.9297,4
5,?,NONE,34161,0.3275,0.5153,-0.6739,-0.4160,-0.3906,8.8555,-3.7812,-0.6543,0.0605,-0.1914,-0.5312,-0.1250,0.9297,4
5,?,NONE,34201,0.3312,0.5139,-0.6695,-0.4219,-0.6562,8.8906,-3.7422,-0.4414,-0.0156,-0.0645,-0.5312,-0.1250,0.9297,4
5,?,NONE,34215,0.3323,0.5135,-0.6685,-0.4231,-0.6953,8.8945,-3.7031,-0.4414,-0.0156,-0.0645,-0.5312,-0.1250,0.9297,4
5,?,NONE,34253,0.3376,0.5131,-0.6647,-0.4254,-0.6562,8.8906,-3.7812,-0.3496,0.1523,-0.0176,-0.5312,-0.1250,0.9297,4
5,?,NONE,34442,0.3536,0.4938,-0.6722,-0.4234,1.2969,9.4609,-4.4687,-0.0703,-0.0176,0.2480,-0.9297,-0.2812,0.4297,4
5,?,NONE,34452,0.3542,0.4935,-0.6724,-0.4230,1.3711,9.3828,-4.4297,-0.0703,-0.0176,0.2480,-0.9297,-0.2812,0.4297,4
5,?,NONE,34462,0.3546,0.4934,-0.6724,-0.4227,1.4492,9.3125,-4.3906,-0.0703,-0.0176,0.2480,-0.9297,-0.2812,0.4297,4
5,?,NONE,34472,0.3549,0.4934,-0.6723,-0.4227,1.3711,9.2344,-4.3555,-0.0703,-0.0176,0.2480,-0.9297,-0.2812,0.4297,4
5,?,NONE,34532,0.3546,0.4929,-0.6717,-0.4246,0.4141,9.0039,-4.0078,-0.0566,-0.0098,-0.0352,-0.9297,-0.2812,0.4297,4
5,?,NONE,34542,0.3547,0.4931,-0.6714,-0.4246,0.3398,8.9609,-3.9336,-0.0566,-0.0098,-0.0352,-0.9297,-0.2812,0.4297,4
5,?,NONE,34552,0.3550,0.4934,-0.6710,-0.4246,0.3398,8.9609,-3.9336,-0.0566,-0.0098,-0.0352,-0.9297,-0.2812,0.4297,4
5,?,NONE,34712,0.3549,0.4943,-0.6707,-0.4241,0.5312,9.0039,-4.0078,0.0059,0.0039,0.0078,-0.0469,-0.2461,-0.0625,4
5,?,NONE,34722,0.3551,0.4943,-0.6707,-0.4240,0.5312,9.0391,-3.9727,0.0059,0.0039,0.0078,-0.0469,-0.2461,-0.0625,4
5,?,NONE,34732,0.3552,0.4943,-0.6707,-0.4238,0.6445,8.9297,-3.9727,0.0059,0.0039,0.0078,-0.0469,-0.2461,-0.0625,4
5,R,NONE,34743,0.3553,0.4943,-0.6707,-0.4238,0.5664,8.9336,-4.0469,0.0059,0.0039,0.0078,-0.0469,-0.2461,-0.0625,4
5,R,NONE,34782,0.3557,0.4941,-0.6710,-0.4233,0.3398,8.9609,-4.0078,0.0039,0.0273,0.0391,-0.0469,-0.2461,-0.0625,4
5,R,NONE,34822,0.3559,0.4945,-0.6711,-0.4224,0.5664,9.0391,-4.0859,0.0352,0.0156,0.0156,-0.0469,-0.2461,-0.0625,4
5,R,NONE,34933,0.3541,0.4958,-0.6719,-0.4210,0.6055,8.9609,-4.1641,0.0391,0.0137,-0.0352,0.0430,-0.1758,-0.1406,4
5,R,NONE,34943,0.3535,0.4963,-0.6721,-0.4208,0.5664,8.9648,-4.1992,0.0391,0.0137,-0.0352,0.0430,-0.1758,-0.1406,4
5,R,NONE,34973,0.3520,0.4973,-0.6722,-0.4207,0.3750,9.0000,-4.1992,0.0059,-0.0098,-0.0449,-0.0078,-0.1016,-0.1211,4
5,R,NONE,34983,0.3517,0.4976,-0.6722,-0.4205,0.3750,9.0000,-4.1992,0.0059,-0.0098,-0.0449,-0.0078,-0.1016,-0.1211,4
5,R,NONE,34994,0.3514,0.4979,-0.6722,-0.4204,0.4922,9.0039,-4.1641,0.0059,-0.0098,-0.0449,-0.0078,-0.1016,-0.1211,4
5,R,NONE,35004,0.3511,0.4982,-0.6722,-0.4202,0.4922,8.9648,-4.1641,0.0059,-0.0098,-0.0449,-0.0078,-0.1016,-0.1211,4
5,R,NONE,35018,0.3508,0.4985,-0.6722,-0.4200,0.4922,8.9297,-4.1992,0.0059,-0.0098,-0.0449,-0.0078,-0.1016,-0.1211,4
5,R,NONE,35029,0.3506,0.4988,-0.6722,-0.4200,0.4922,8.9609,-4.1992,0.0059,-0.0098,-0.0449,-0.0078,-0.1016,-0.1211,4
5,R,NONE,35041,0.3505,0.4990,-0.6721,-0.4200,0.4531,8.9336,-4.1641,0.0059,-0.0098,-0.0449,-0.0078,-0.1016,-0.1211,4
5,R,NONE,35064,0.3499,0.4995,-0.6719,-0.4203,0.3750,9.0039,-4.1641,0.0059,-0.0098,-0.0449,-0.0078,-0.1016,-0.1211,4
5,R,NONE,35074,0.3498,0.4997,-0.6718,-0.4203,0.4141,8.9648,-4.1641,0.0059,-0.0098,-0.0449,-0.0078,-0.1016,-0.1211,4
5,R,NONE,35084,0.3495,0.4999,-0.6718,-0.4203,0.3750,8.9648,-4.1250,0.0059,-0.0098,-0.0449,-0.0078,-0.1016,-0.1211,4
5,R,NONE,35103,0.3495,0.5001,-0.6717,-0.4202,0.3750,8.9336,-4.0078,0.0059,-0.0098,-0.0449,-0.0078,-0.1016,-0.1211,4
5,R,NONE,35113,0.3495,0.5002,-0.6716,-0.4201,0.3398,8.9297,-4.0859,0.0059,-0.0098,-0.0449,-0.0078,-0.1016,-0.1211,4
5,R,NONE,35123,0.3495,0.5004,-0.6716,-0.4200,0.3750,8.8906,-4.0469,0.0059,-0.0098,-0.0449,-0.0078,-0.1016,-0.1211,4
5,R,NONE,35133,0.3495,0.5005,-0.6716,-0.4199,0.4531,8.8945,-4.0859,0.0059,-0.0098,-0.0449,-0.0078,-0.1016,-0.1211,4
5,R,NONE,35284,0.3519,0.5027,-0.6704,-0.4172,0.5312,9.1602,-3.7031,-0.0020,0.1699,0.0508,-0.2305,-0.0703,0.1016,4
5,R,NONE,35298,0.3524,0.5028,-0.6704,-0.4166,0.7578,8.9648,-3.7812,-0.0020,0.1699,0.0508,-0.2305,-0.0703,0.1016,4
5,R,NONE,35310,0.3526,0.5029,-0.6705,-0.4161,0.7578,8.9297,-3.8555,-0.0020,0.1699,0.0508,-0.2305,-0.0703,0.1016,4
5,R,NONE,35344,0.3520,0.5027,-0.6713,-0.4155,0.5664,8.9297,-4.1250,0.0449,-0.0410,0.0293,-0.2305,-0.0703,0.1016,4
5,R,NONE,35354,0.3519,0.5027,-0.6714,-0.4155,0.4922,9.0039,-4.1641,0.0449,-0.0410,0.0293,-0.2305,-0.0703,0.1016,4
5,R,NONE,35364,0.3518,0.5029,-0.6714,-0.4154,0.4531,9.0000,-4.1992,0.0449,-0.0410,0.0293,-0.2305,-0.0703,0.1016,4
5,R,NONE,35434,0.3533,0.5051,-0.6706,-0.4128,0.4531,9.0391,-4.3164,0.0430,0.0762,-0.0156,-0.2305,-0.0703,0.1016,4
5,R,NONE,35444,0.3531,0.5052,-0.6707,-0.4127,0.4922,9.0781,-4.3555,0.0430,0.0762,-0.0156,-0.2305,-0.0703,0.1016,4
5,R,NONE,35605,0.3522,0.5065,-0.6714,-0.4105,0.4141,9.0039,-4.2383,0.0391,-0.0391,-0.0098,0.0469,0.1523,-0.1211,4
5,R,NONE,35654,0.3525,0.5082,-0.6710,-0.4089,0.4531,8.9609,-4.1992,0.0625,0.0859,-0.0254,-0.0703,0.0820,-0.0508,4
5,R,NONE,35665,0.3524,0.5085,-0.6710,-0.4086,0.4922,8.9609,-4.1992,0.0625,0.0859,-0.0254,-0.0703,0.0820,-0.0508,4
5,R,NONE,35675,0.3522,0.5088,-0.6711,-0.4083,0.4141,8.8516,-4.2383,0.0625,0.0859,-0.0254,-0.0703,0.0820,-0.0508,4
5,R,NONE,35844,0.3522,0.5082,-0.6749,-0.4026,0.5312,8.8555,-4.3555,0.0625,0.0703,0.1992,-0.1914,-0.1094,-0.0586,4
5,R,NONE,35855,0.3528,0.5076,-0.6757,-0.4015,0.6836,8.8164,-4.3906,0.0625,0.0703,0.1992,-0.1914,-0.1094,-0.0586,4
5,R,NONE,35865,0.3531,0.5070,-0.6766,-0.4006,0.6445,8.6992,-4.3164,0.0625,0.0703,0.1992,-0.1914,-0.1094,-0.0586,4
5,R,NONE,35884,0.3530,0.5049,-0.6791,-0.3989,0.5312,8.6211,-4.2773,0.0625,0.0703,0.1992,0.0820,-0.2695,-0.0195,4
5,R,NONE,35895,0.3528,0.5035,-0.6807,-0.3983,0.4922,8.6602,-4.2773,0.0625,0.0703,0.1992,0.0820,-0.2695,-0.0195,4
5,R,NONE,35905,0.3524,0.5018,-0.6824,-0.3978,0.4531,8.7383,-4.2773,0.0625,0.0703,0.1992,0.0820,-0.2695,-0.0195,4
5,R,NONE,35915,0.3519,0.4998,-0.6845,-0.3972,0.4531,8.7383,-4.2773,0.0625,0.0703,0.1992,0.0820,-0.2695,-0.0195,4
5,R,NONE,35926,0.3513,0.4977,-0.6867,-0.3966,0.2617,8.8516,-4.3906,0.0625,0.0703,0.1992,0.0820,-0.2695,-0.0195,4
5,R,NONE,35995,0.3453,0.4769,-0.7094,-0.3873,-0.2383,8.7734,-3.9727,0.3613,-0.4727,0.8828,-1.3125,0.0156,0.5820,4
6,?,NONE,36297,0.3220,0.3731,-0.8328,-0.2520,3.9023,5.9766,-6.4258,0.9785,-0.1309,0.9922,-1.3125,0.0156,0.5820,4
6,?,NONE,36376,0.3068,0.3499,-0.8589,-0.2141,4.0547,5.0977,-6.9961,0.9648,-0.2754,0.9492,-1.3125,0.0156,0.5820,4
6,?,NONE,36426,0.2971,0.3387,-0.8727,-0.1884,4.8203,4.5234,-7.3086,1.0098,-0.1992,0.8086,-1.3125,0.0156,0.5820,4
6,?,NONE,36436,0.2945,0.3366,-0.8754,-0.1835,4.8203,4.5234,-7.3437,1.0098,-0.1992,0.8086,-1.3125,0.0156,0.5820,4
6,?,NONE,36446,0.2917,0.3344,-0.8782,-0.1786,4.6680,4.3711,-7.3047,1.0098,-0.1992,0.8086,-1.3125,0.0156,0.5820,4
6,?,NONE,36466,0.2866,0.3297,-0.8836,-0.1688,4.5898,4.2148,-7.3750,1.0098,-0.1992,0.8086,-1.3125,0.0156,0.5820,4
6,?,NONE,36476,0.2841,0.3271,-0.8863,-0.1636,4.5898,4.1016,-7.4531,1.0098,-0.1992,0.8086,-1.3125,0.0156,0.5820,4
6,?,NONE,36486,0.2816,0.3248,-0.8889,-0.1584,4.5117,3.9844,-7.5703,1.0098,-0.1992,0.8086,-1.3125,0.0156,0.5820,4
6,?,NONE,36496,0.2789,0.3226,-0.8915,-0.1531,4.5117,3.9844,-7.5703,1.0098,-0.1992,0.8086,-1.3125,0.0156,0.5820,4
6,?,NONE,36507,0.2762,0.3206,-0.8939,-0.1481,4.7422,3.6406,-7.6914,1.0098,-0.1992,0.8086,-1.3125,0.0156,0.5820,4
6,?,NONE,36618,0.2220,0.2974,-0.9235,-0.0975,4.4375,2.0312,-8.7617,1.2773,-0.9805,0.7461,0.8945,-0.9141,0.3906,4
6,?,NONE,36628,0.2159,0.2961,-0.9258,-0.0920,4.3203,1.9570,-8.9883,1.2773,-0.9805,0.7461,0.8945,-0.9141,0.3906,4
6,?,NONE,36777,0.1443,0.2954,-0.9432,-0.0474,3.2109,0.9219,-11.0195,0.5195,-0.2500,-0.0566,0.9414,-1.0664,-0.3516,4
6,?,NONE,36787,0.1437,0.2960,-0.9432,-0.0461,3.1719,0.9609,-10.9062,0.5195,-0.2500,-0.0566,0.9414,-1.0664,-0.3516,4
6,?,NONE,36797,0.1431,0.2966,-0.9431,-0.0450,3.0977,1.0742,-10.9805,0.5195,-0.2500,-0.0566,0.9414,-1.0664,-0.3516,4
6,?,NONE,36818,0.1420,0.2972,-0.9432,-0.0438,2.9414,1.3828,-10.8672,0.5195,-0.2500,-0.0566,0.9414,-1.0664,-0.3516,4
6,?,NONE,36828,0.1412,0.2973,-0.9433,-0.0436,2.8672,1.4180,-10.8320,0.5195,-0.2500,-0.0566,0.9414,-1.0664,-0.3516,4
6,?,NONE,36847,0.1395,0.2967,-0.9437,-0.0438,2.5977,1.5352,-10.5937,0.5195,-0.2500,-0.0566,0.3320,-0.1758,-1.2461,4
6,?,NONE,36857,0.1388,0.2962,-0.9440,-0.0441,2.6758,1.4570,-10.6367,0.5195,-0.2500,-0.0566,0.3320,-0.1758,-1.2461,4
6,?,NONE,36868,0.1381,0.2956,-0.9442,-0.0444,2.6367,1.3438,-10.5937,0.5195,-0.2500,-0.0566,0.3320,-0.1758,-1.2461,4
6,?,NONE,36882,0.1377,0.2949,-0.9445,-0.0449,2.6758,1.5742,-10.5195,0.5195,-0.2500,-0.0566,0.3320,-0.1758,-1.2461,4
6,?,NONE,36937,0.1367,0.2902,-0.9458,-0.0501,2.7148,1.4180,-10.1328,-0.2187,-0.1289,0.1133,0.3320,-0.1758,-1.2461,4
6,?,NONE,36947,0.1365,0.2895,-0.9460,-0.0514,2.6758,1.4180,-10.0273,-0.2187,-0.1289,0.1133,0.3320,-0.1758,-1.2461,4
6,?,NONE,36958,0.1363,0.2887,-0.9462,-0.0528,2.6367,1.5352,-9.9844,-0.2187,-0.1289,0.1133,0.3320,-0.1758,-1.2461,4
6,?,NONE,37008,0.1389,0.2848,-0.9467,-0.0575,2.6758,1.6875,-9.5273,-0.2187,0.0703,0.1426,0.3320,-0.1758,-1.2461,4
6,?,NONE,37018,0.1397,0.2841,-0.9468,-0.0581,2.7891,1.6484,-9.4492,-0.2187,0.0703,0.1426,0.3320,-0.1758,-1.2461,4
6,?,NONE,37028,0.1403,0.2835,-0.9468,-0.0588,2.8281,1.6094,-9.4062,-0.2187,0.0703,0.1426,0.3320,-0.1758,-1.2461,4
6,?,NONE,37038,0.1407,0.2830,-0.9469,-0.0595,2.8281,1.6094,-9.4062,-0.2187,0.0703,0.1426,0.3320,-0.1758,-1.2461,4
6,?,NONE,37049,0.1411,0.2824,-0.9470,-0.0602,2.8281,1.5742,-9.4062,-0.2187,0.0703,0.1426,0.3320,-0.1758,-1.2461,4
6,?,NONE,37069,0.1415,0.2814,-0.9471,-0.0616,2.7891,1.7656,-9.4492,-0.2187,0.0703,0.1426,0.4609,-0.2734,0.0117,4
6,?,NONE,37082,0.1418,0.2808,-0.9472,-0.0621,2.7891,1.7266,-9.4453,-0.2187,0.0703,0.1426,0.4609,-0.2734,0.0117,4
6,?,NONE,37095,0.1422,0.2802,-0.9473,-0.0625,2.8281,1.6875,-9.4883,-0.2187,0.0703,0.1426,0.4609,-0.2734,0.0117,4
6,?,NONE,37128,0.1436,0.2780,-0.9476,-0.0641,2.9414,1.5742,-9.6016,-0.2187,0.0703,0.1426,0.4609,-0.2734,0.0117,4
6,?,NONE,37138,0.1436,0.2773,-0.9478,-0.0649,2.8672,1.6484,-9.6406,-0.2187,0.0703,0.1426,0.4609,-0.2734,0.0117,4
6,?,NONE,37148,0.1436,0.2767,-0.9479,-0.0657,2.9062,1.7266,-9.6836,-0.2187,0.0703,0.1426,0.4609,-0.2734,0.0117,4
6,?,NONE,37268,0.1475,0.2691,-0.9489,-0.0731,2.7500,2.1094,-9.4492,-0.1660,0.0078,0.1035,0.4609,-0.2734,0.0117,4
6,?,NONE,37278,0.1478,0.2684,-0.9490,-0.0739,2.7500,2.1875,-9.4102,-0.1660,0.0078,0.1035,0.4609,-0.2734,0.0117,4
6,?,NONE,37289,0.1482,0.2678,-0.9491,-0.0745,2.7500,2.2617,-9.3711,-0.1660,0.0078,0.1035,0.4609,-0.2734,0.0117,4
6,?,NONE,37299,0.1487,0.2671,-0.9492,-0.0751,2.7500,2.3008,-9.3672,-0.1660,0.0078,0.1035,0.4609,-0.2734,0.0117,4
6,?,NONE,37318,0.1498,0.2661,-0.9492,-0.0758,2.7891,2.3398,-9.3320,-0.1660,0.0078,0.1035,0.4609,-0.2734,0.0117,4
6,?,NONE,37328,0.1503,0.2657,-0.9492,-0.0760,2.8672,2.2617,-9.3320,-0.1660,0.0078,0.1035,0.4609,-0.2734,0.0117,4
6,?,NONE,37338,0.1508,0.2653,-0.9493,-0.0762,2.8672,2.1875,-9.3711,-0.1660,0.0078,0.1035,0.4609,-0.2734,0.0117,4
6,?,NONE,37348,0.1511,0.2649,-0.9493,-0.0766,2.8672,2.1875,-9.3711,-0.1660,0.0078,0.1035,0.4609,-0.2734,0.0117,4
6,?,NONE,37359,0.1512,0.2644,-0.9493,-0.0771,2.9062,2.3008,-9.3672,-0.1660,0.0078,0.1035,0.4609,-0.2734,0.0117,4
6,?,NONE,37369,0.1513,0.2639,-0.9495,-0.0777,2.8281,2.3398,-9.3711,-0.1660,0.0078,0.1035,0.4609,-0.2734,0.0117,4
6,?,NONE,37379,0.1514,0.2634,-0.9495,-0.0783,2.7891,2.4141,-9.2969,-0.1660,0.0078,0.1035,0.4609,-0.2734,0.0117,4
6,?,NONE,37399,0.1519,0.2625,-0.9496,-0.0794,2.7891,2.6055,-9.1836,-0.1660,0.0078,0.1035,0.4609,-0.2734,0.0117,4
6,R,NONE,37409,0.1524,0.2620,-0.9496,-0.0798,2.7891,2.6445,-9.1406,-0.1660,0.0078,0.1035,0.4609,-0.2734,0.0117,4
6,R,NONE,37429,0.1539,0.2612,-0.9496,-0.0800,2.8672,2.7969,-9.0273,-0.1660,0.0078,0.1035,0.2500,0.5117,0.2930,4
6,R,NONE,37439,0.1546,0.2608,-0.9496,-0.0799,2.9805,2.7617,-9.0664,-0.1660,0.0078,0.1035,0.2500,0.5117,0.2930,4
6,R,NONE,37449,0.1553,0.2604,-0.9496,-0.0797,3.0586,2.6836,-9.0664,-0.1660,0.0078,0.1035,0.2500,0.5117,0.2930,4
6,R,NONE,37459,0.1559,0.2602,-0.9496,-0.0796,3.1719,2.6055,-9.0664,-0.1660,0.0078,0.1035,0.2500,0.5117,0.2930,4
6,R,NONE,37508,0.1558,0.2594,-0.9497,-0.0806,2.9805,2.4531,-9.3320,-0.0625,-0.0625,0.0098,0.4102,0.2656,0.0117,4
6,R,NONE,37519,0.1559,0.2592,-0.9498,-0.0807,2.9062,2.4141,-9.4062,-0.0625,-0.0625,0.0098,0.4102,0.2656,0.0117,4
6,R,NONE,37529,0.1561,0.2590,-0.9498,-0.0808,2.9414,2.3789,-9.3672,-0.0625,-0.0625,0.0098,0.4102,0.2656,0.0117,4
6,R,NONE,37540,0.1565,0.2587,-0.9498,-0.0807,2.9805,2.3398,-9.3672,-0.0625,-0.0625,0.0098,0.4102,0.2656,0.0117,4
6,R,NONE,37629,0.1591,0.2571,-0.9496,-0.0826,2.7500,2.5312,-8.9844,-0.0625,0.0137,0.0312,0.2852,0.0430,0.1094,4
6,R,NONE,37639,0.1591,0.2568,-0.9497,-0.0826,2.6758,2.5703,-8.9453,-0.0625,0.0137,0.0312,0.2852,0.0430,0.1094,4
6,R,NONE,37649,0.1591,0.2563,-0.9498,-0.0826,2.6367,2.6445,-8.9453,-0.0625,0.0137,0.0312,0.2852,0.0430,0.1094,4
6,R,NONE,37659,0.1590,0.2557,-0.9500,-0.0826,2.6367,2.6445,-8.9453,-0.0625,0.0137,0.0312,0.2852,0.0430,0.1094,4
6,R,NONE,37670,0.1588,0.2549,-0.9503,-0.0825,2.4844,2.7969,-8.8750,-0.0625,0.0137,0.0312,0.2852,0.0430,0.1094,4
6,R,NONE,37688,0.1583,0.2529,-0.9509,-0.0818,2.3672,2.9922,-8.8398,-0.0625,0.0137,0.0312,-0.2734,0.6484,0.5000,4
6,R,NONE,37709,0.1577,0.2500,-0.9519,-0.0806,2.1367,3.0664,-8.6055,0.0937,-0.0684,0.3086,-0.2734,0.6484,0.5000,4
6,R,NONE,37720,0.1574,0.2481,-0.9525,-0.0795,2.2148,3.0664,-8.5352,0.0937,-0.0684,0.3086,-0.2734,0.6484,0.5000,4
6,R,NONE,37734,0.1570,0.2458,-0.9533,-0.0782,2.3672,2.9531,-8.5352,0.0937,-0.0684,0.3086,-0.2734,0.6484,0.5000,4
6,R,NONE,37745,0.1564,0.2432,-0.9542,-0.0767,2.2930,2.9531,-8.4922,0.0937,-0.0684,0.3086,-0.2734,0.6484,0.5000,4
6,R,NONE,37757,0.1554,0.2399,-0.9553,-0.0750,2.3672,2.8750,-8.4961,0.0937,-0.0684,0.3086,-0.2734,0.6484,0.5000,4
6,R,NONE,37920,0.1227,0.1795,-0.9753,-0.0374,3.0195,0.4609,-10.3711,0.3496,-0.0879,0.5937,0.3281,-0.4805,-0.3008,4
6,R,NONE,38050,0.1171,0.1646,-0.9791,-0.0232,2.8281,0.4609,-9.9883,0.1738,0.0020,0.0996,0.3281,-0.4805,-0.3008,4
6,R,NONE,38060,0.1166,0.1642,-0.9792,-0.0231,2.7500,0.6523,-9.9453,0.1738,0.0020,0.0996,0.3281,-0.4805,-0.3008,4
6,R,NONE,38070,0.1161,0.1640,-0.9793,-0.0231,2.7500,0.6914,-9.9062,0.1738,0.0020,0.0996,0.3281,-0.4805,-0.3008,4
6,R,NONE,38080,0.1160,0.1639,-0.9794,-0.0231,2.7500,0.6523,-9.9102,0.1738,0.0020,0.0996,0.3281,-0.4805,-0.3008,4
6,R,NONE,38140,0.1205,0.1652,-0.9786,-0.0222,2.8281,0.8828,-9.6445,0.0234,0.1992,-0.0645,0.3281,-0.4805,-0.3008,4
6,R,NONE,38150,0.1211,0.1655,-0.9785,-0.0220,2.8281,0.9219,-9.6055,0.0234,0.1992,-0.0645,0.3281,-0.4805,-0.3008,4
6,R,NONE,38161,0.1213,0.1658,-0.9784,-0.0220,2.8281,0.9219,-9.6055,0.0234,0.1992,-0.0645,0.3281,-0.4805,-0.3008,4
6,R,NONE,38231,0.1221,0.1674,-0.9780,-0.0224,2.6367,1.0000,-9.6055,-0.0137,0.0312,-0.0547,0.3281,-0.4805,-0.3008,4
6,R,NONE,38245,0.1225,0.1677,-0.9780,-0.0223,2.7891,1.1133,-9.6836,-0.0137,0.0312,-0.0547,0.3281,-0.4805,-0.3008,4
6,R,NONE,38257,0.1227,0.1681,-0.9778,-0.0220,2.7500,1.0352,-9.6836,-0.0137,0.0312,-0.0547,0.3281,-0.4805,-0.3008,4
6,R,NONE,38341,0.1193,0.1682,-0.9783,-0.0208,2.4453,0.9609,-9.7227,0.0859,-0.1250,0.0234,0.1680,0.3633,0.0937,4
6,R,NONE,38351,0.1188,0.1680,-0.9784,-0.0204,2.3672,0.8828,-9.6445,0.0859,-0.1250,0.0234,0.1680,0.3633,0.0937,4
6,R,NONE,38642,0.1122,0.1459,-0.9829,-0.0035,2.7500,0.3477,-9.9062,0.0000,0.0234,-0.0449,0.1172,-0.0625,-0.0039,4
6,R,NONE,38652,0.1126,0.1462,-0.9828,-0.0032,2.7148,0.3867,-9.8711,0.0000,0.0234,-0.0449,0.1172,-0.0625,-0.0039,4
6,R,NONE,38666,0.1131,0.1466,-0.9827,-0.0029,2.7148,0.3867,-9.8711,0.0000,0.0234,-0.0449,0.1172,-0.0625,-0.0039,4
6,R,NONE,38677,0.1137,0.1471,-0.9825,-0.0024,2.7148,0.3477,-9.9102,0.0000,0.0234,-0.0449,0.1172,-0.0625,-0.0039,4
6,R,NONE,38689,0.1143,0.1476,-0.9824,-0.0020,2.6758,0.3477,-9.8672,0.0000,0.0234,-0.0449,0.1172,-0.0625,-0.0039,4
6,R,NONE,38702,0.1151,0.1486,-0.9822,-0.0018,2.6758,0.3477,-9.8672,0.0000,0.0234,-0.0449,0.1172,-0.0625,-0.0039,4
6,R,NONE,38722,0.1155,0.1495,-0.9820,-0.0023,2.5234,0.5000,-9.7930,0.0000,0.0234,-0.0449,0.1172,-0.0625,-0.0039,4
6,R,NONE,38732,0.1158,0.1500,-0.9819,-0.0027,2.5234,0.5391,-9.7930,0.0000,0.0234,-0.0449,0.1172,-0.0625,-0.0039,4
6,R,NONE,38742,0.1162,0.1505,-0.9818,-0.0031,2.5234,0.5781,-9.7539,0.0000,0.0234,-0.0449,0.1172,-0.0625,-0.0039,4
6,R,NONE,38813,0.1208,0.1532,-0.9808,-0.0027,2.7500,0.5000,-9.5625,-0.0156,0.1133,-0.0703,0.2070,0.1094,0.0547,4
6,R,NONE,38826,0.1214,0.1536,-0.9807,-0.0027,2.7500,0.5000,-9.5273,-0.0156,0.1133,-0.0703,0.2070,0.1094,0.0547,4
6,R,NONE,38839,0.1219,0.1538,-0.9805,-0.0027,2.7891,0.4609,-9.6016,-0.0156,0.1133,-0.0703,0.2070,0.1094,0.0547,4
6,R,NONE,38851,0.1227,0.1544,-0.9803,-0.0026,2.7891,0.4609,-9.6016,-0.0156,0.1133,-0.0703,0.2070,0.1094,0.0547,4
6,R,NONE,38862,0.1228,0.1547,-0.9803,-0.0025,2.7891,0.4609,-9.6016,-0.0156,0.1133,-0.0703,0.2070,0.1094,0.0547,4
6,R,NONE,38873,0.1228,0.1551,-0.9802,-0.0024,2.7891,0.3867,-9.7891,-0.0156,0.1133,-0.0703,0.2070,0.1094,0.0547,4
6,R,NONE,38922,0.1229,0.1572,-0.9799,-0.0029,2.7891,0.3477,-9.9844,-0.0117,0.0000,-0.0937,0.2812,-0.0664,-0.1523,4
6,R,NONE,38932,0.1230,0.1577,-0.9798,-0.0030,2.7891,0.3086,-10.0273,-0.0117,0.0000,-0.0937,0.2812,-0.0664,-0.1523,4
6,R,NONE,38972,0.1237,0.1596,-0.9794,-0.0039,2.7891,0.4609,-9.9883,-0.0449,0.0117,-0.1094,0.2812,-0.0664,-0.1523,4
6,R,NONE,38982,0.1238,0.1602,-0.9793,-0.0043,2.7891,0.4609,-9.9883,-0.0449,0.0117,-0.1094,0.2812,-0.0664,-0.1523,4
6,R,NONE,38993,0.1238,0.1607,-0.9792,-0.0049,2.7500,0.5000,-9.9102,-0.0449,0.0117,-0.1094,0.2812,-0.0664,-0.1523,4
6,R,NONE,39093,0.1232,0.1661,-0.9783,-0.0126,2.6367,0.6523,-9.7227,-0.1172,0.0117,-0.1113,0.1133,0.0820,-0.1445,4
6,R,NONE,39103,0.1234,0.1666,-0.9782,-0.0132,2.6367,0.6523,-9.7227,-0.1172,0.0117,-0.1113,0.1133,0.0820,-0.1445,4
6,R,NONE,39113,0.1236,0.1671,-0.9781,-0.0137,2.6367,0.6523,-9.6797,-0.1172,0.0117,-0.1113,0.1133,0.0820,-0.1445,4
6,R,NONE,39123,0.1238,0.1675,-0.9780,-0.0143,2.6367,0.6133,-9.6797,-0.1172,0.0117,-0.1113,0.1133,0.0820,-0.1445,4
6,R,NONE,39133,0.1239,0.1680,-0.9778,-0.0150,2.6367,0.6133,-9.6797,-0.1172,0.0117,-0.1113,0.1133,0.0820,-0.1445,4
6,R,NONE,39144,0.1239,0.1683,-0.9778,-0.0157,2.5586,0.7305,-9.5664,-0.1172,0.0117,-0.1113,0.1133,0.0820,-0.1445,4
6,R,NONE,39154,0.1239,0.1687,-0.9777,-0.0165,2.5234,0.8086,-9.5273,-0.1172,0.0117,-0.1113,0.1133,0.0820,-0.1445,4
6,R,NONE,39172,0.1238,0.1693,-0.9776,-0.0179,2.5234,0.8828,-9.4883,-0.1172,0.0117,-0.1113,0.0469,0.1016,0.1992,4
6,R,NONE,39183,0.1237,0.1695,-0.9775,-0.0186,2.4844,0.8828,-9.4453,-0.1172,0.0117,-0.1113,0.0469,0.1016,0.1992,4
6,R,NONE,39193,0.1237,0.1697,-0.9775,-0.0190,2.4844,0.8438,-9.4883,-0.1172,0.0117,-0.1113,0.0469,0.1016,0.1992,4
6,R,NONE,39203,0.1237,0.1699,-0.9775,-0.0194,2.4844,0.8828,-9.4883,-0.1172,0.0117,-0.1113,0.0469,0.1016,0.1992,4
6,R,NONE,39254,0.1243,0.1706,-0.9772,-0.0204,2.6758,0.9609,-9.5625,-0.0332,0.0078,-0.0332,0.0547,0.1250,0.2383,4
6,R,NONE,39373,0.1230,0.1733,-0.9769,-0.0229,2.5586,0.9219,-9.7500,-0.0352,0.0000,-0.0645,0.1602,0.0781,-0.0586,4
6,R,NONE,39383,0.1231,0.1736,-0.9768,-0.0231,2.5234,0.9609,-9.7539,-0.0352,0.0000,-0.0645,0.1602,0.0781,-0.0586,4
6,R,NONE,39394,0.1232,0.1738,-0.9767,-0.0234,2.5977,0.9219,-9.6836,-0.0352,0.0000,-0.0645,0.1602,0.0781,-0.0586,4
6,R,NONE,39408,0.1232,0.1741,-0.9767,-0.0236,2.5234,1.0000,-9.6445,-0.0352,0.0000,-0.0645,0.1602,0.0781,-0.0586,4
6,R,NONE,39424,0.1234,0.1744,-0.9766,-0.0240,2.5234,1.0000,-9.6016,-0.0410,0.0039,-0.0469,0.1602,0.0781,-0.0586,4
6,R,NONE,39434,0.1236,0.1746,-0.9766,-0.0243,2.5234,0.9609,-9.6016,-0.0410,0.0039,-0.0469,0.1602,0.0781,-0.0586,4
6,R,NONE,39484,0.1235,0.1752,-0.9764,-0.0251,2.5586,1.0352,-9.6016,-0.0273,-0.0293,-0.0215,0.1289,0.0781,0.1250,4
6,R,NONE,39494,0.1232,0.1753,-0.9764,-0.0253,2.5234,1.0352,-9.6445,-0.0273,-0.0293,-0.0215,0.1289,0.0781,0.1250,4
6,R,NONE,39504,0.1231,0.1754,-0.9764,-0.0254,2.5234,1.0742,-9.6406,-0.0273,-0.0293,-0.0215,0.1289,0.0781,0.1250,4
6,R,NONE,39514,0.1230,0.1756,-0.9764,-0.0255,2.5234,1.0742,-9.6406,-0.0273,-0.0293,-0.0215,0.1289,0.0781,0.1250,4
6,R,NONE,39794,0.1224,0.1785,-0.9760,-0.0258,2.4844,0.9609,-9.7539,0.0215,0.0117,-0.0332,0.0781,-0.0078,-0.0977,3
6,R,NONE,39804,0.1224,0.1786,-0.9760,-0.0256,2.5234,0.9609,-9.7539,0.0215,0.0117,-0.0332,0.0781,-0.0078,-0.0977,3
6,R,NONE,39814,0.1230,0.1787,-0.9758,-0.0256,2.5234,0.9219,-9.7891,0.0215,0.0117,-0.0332,0.0781,-0.0078,-0.0977,3
6,R,NONE,39824,0.1233,0.1788,-0.9758,-0.0256,2.5234,0.8828,-9.7930,0.0215,0.0117,-0.0332,0.0781,-0.0078,-0.0977,3
6,R,NONE,39915,0.1246,0.1799,-0.9754,-0.0257,2.5234,0.9609,-9.7930,-0.0020,0.0273,-0.0156,0.0234,0.0156,-0.0977,3
6,R,NONE,39925,0.1248,0.1799,-0.9754,-0.0258,2.4844,1.0000,-9.7930,-0.0020,0.0273,-0.0156,0.0234,0.0156,-0.0977,3
6,R,NONE,39935,0.1248,0.1800,-0.9753,-0.0259,2.4844,1.0000,-9.7539,-0.0020,0.0273,-0.0156,0.0234,0.0156,-0.0977,3
6,R,NONE,39976,0.1253,0.1803,-0.9752,-0.0263,2.4844,0.9609,-9.8320,-0.0137,0.0215,-0.0195,-0.0547,0.0078,-0.0664,3
6,R,NONE,39989,0.1255,0.1804,-0.9752,-0.0263,2.4844,0.9219,-9.8281,-0.0137,0.0215,-0.0195,-0.0547,0.0078,-0.0664,3
6,R,NONE,40005,0.1259,0.1805,-0.9751,-0.0265,2.4844,0.9609,-9.8320,-0.0176,0.0254,-0.0156,-0.0547,0.0078,-0.0664,3
6,R,NONE,40015,0.1261,0.1806,-0.9751,-0.0266,2.4844,0.9609,-9.8320,-0.0176,0.0254,-0.0156,-0.0547,0.0078,-0.0664,3
6,R,NONE,40025,0.1262,0.1807,-0.9750,-0.0268,2.4844,0.9609,-9.8320,-0.0176,0.0254,-0.0156,-0.0547,0.0078,-0.0664,3
6,R,NONE,40036,0.1263,0.1807,-0.9750,-0.0269,2.4062,0.9219,-9.7891,-0.0176,0.0254,-0.0156,-0.0547,0.0078,-0.0664,3
6,R,NONE,40255,0.1281,0.1805,-0.9748,-0.0285,2.6367,1.1133,-9.7227,0.0020,-0.0020,-0.0059,-0.1094,-0.0703,0.0078,3
6,R,NONE,40335,0.1290,0.1810,-0.9745,-0.0287,2.6758,0.9609,-9.7539,-0.0098,0.0117,-0.0215,0.1602,-0.0859,-0.0664,3
6,R,NONE,40346,0.1292,0.1812,-0.9745,-0.0289,2.6367,0.9609,-9.7500,-0.0098,0.0117,-0.0215,0.1602,-0.0859,-0.0664,3
6,R,NONE,40356,0.1293,0.1814,-0.9744,-0.0291,2.5977,0.9609,-9.7500,-0.0098,0.0117,-0.0215,0.1602,-0.0859,-0.0664,3
6,R,NONE,40366,0.1296,0.1816,-0.9744,-0.0293,2.5977,0.9609,-9.7891,-0.0098,0.0117,-0.0215,0.1602,-0.0859,-0.0664,3
6,R,NONE,40416,0.1309,0.1826,-0.9740,-0.0300,2.4844,0.9609,-9.7187,-0.0254,0.0312,-0.0469,0.1602,-0.0859,-0.0664,3
6,R,NONE,40426,0.1310,0.1828,-0.9739,-0.0301,2.4453,0.9609,-9.7227,-0.0254,0.0312,-0.0469,0.1602,-0.0859,-0.0664,3
6,R,NONE,40436,0.1313,0.1829,-0.9739,-0.0302,2.4062,1.0000,-9.6836,-0.0254,0.0312,-0.0469,0.1602,-0.0859,-0.0664,3
6,R,NONE,40446,0.1315,0.1830,-0.9738,-0.0303,2.4062,0.9609,-9.7187,-0.0254,0.0312,-0.0469,0.1602,-0.0859,-0.0664,3
6,R,NONE,40526,0.1320,0.1840,-0.9735,-0.0312,2.4062,1.1914,-9.6797,-0.0293,-0.0273,-0.0254,-0.0625,-0.0937,-0.0352,3
6,R,NONE,40537,0.1320,0.1840,-0.9735,-0.0314,2.4453,1.2266,-9.6797,-0.0293,-0.0273,-0.0254,-0.0625,-0.0937,-0.0352,3
6,R,NONE,40547,0.1319,0.1841,-0.9735,-0.0315,2.4844,1.2656,-9.6797,-0.0293,-0.0273,-0.0254,-0.0625,-0.0937,-0.0352,3
6,R,NONE,40557,0.1320,0.1841,-0.9735,-0.0316,2.4453,1.2266,-9.7227,-0.0293,-0.0273,-0.0254,-0.0625,-0.0937,-0.0352,3
6,R,NONE,40597,0.1325,0.1843,-0.9734,-0.0316,2.5586,1.3047,-9.7227,-0.0020,0.0234,-0.0078,-0.0312,0.2344,0.0000,3
6,R,NONE,40611,0.1326,0.1843,-0.9733,-0.0316,2.5977,1.3047,-9.6445,-0.0020,0.0234,-0.0078,-0.0312,0.2344,0.0000,3
6,R,NONE,40637,0.1329,0.1844,-0.9733,-0.0320,2.5977,1.2656,-9.6445,-0.0352,0.0020,-0.0137,-0.0312,0.2344,0.0000,3
6,R,NONE,40651,0.1331,0.1845,-0.9733,-0.0321,2.5977,1.3047,-9.6836,-0.0352,0.0020,-0.0137,-0.0312,0.2344,0.0000,3
6,R,NONE,40663,0.1333,0.1846,-0.9732,-0.0322,2.5977,1.2266,-9.6406,-0.0352,0.0020,-0.0137,-0.0312,0.2344,0.0000,3
6,R,NONE,40674,0.1334,0.1847,-0.9731,-0.0322,2.6758,1.1523,-9.7187,-0.0352,0.0020,-0.0137,-0.0312,0.2344,0.0000,3
6,R,NONE,40727,0.1347,0.1850,-0.9729,-0.0328,2.7148,1.0742,-9.7187,-0.0234,0.0332,-0.0137,0.0898,-0.0977,-0.0234,3
6,R,NONE,40737,0.1349,0.1851,-0.9728,-0.0330,2.7148,1.0742,-9.6836,-0.0234,0.0332,-0.0137,0.0898,-0.0977,-0.0234,3
6,R,NONE,40747,0.1351,0.1852,-0.9728,-0.0332,2.6758,1.0352,-9.6836,-0.0234,0.0332,-0.0137,0.0898,-0.0977,-0.0234,3
6,R,NONE,40757,0.1353,0.1853,-0.9728,-0.0333,2.6758,1.0352,-9.6836,-0.0234,0.0332,-0.0137,0.0898,-0.0977,-0.0234,3
6,R,NONE,40997,0.1351,0.1873,-0.9724,-0.0329,2.5586,1.3047,-9.6797,0.0137,-0.0254,0.0059,-0.2031,0.0547,0.0156,3
6,R,NONE,41007,0.1352,0.1873,-0.9724,-0.0328,2.5586,1.2656,-9.6406,0.0137,-0.0254,0.0059,-0.2031,0.0547,0.0156,3
6,R,NONE,41017,0.1353,0.1872,-0.9724,-0.0328,2.5586,1.3438,-9.6836,0.0137,-0.0254,0.0059,-0.2031,0.0547,0.0156,3
6,R,NONE,41027,0.1354,0.1871,-0.9724,-0.0328,2.5977,1.3047,-9.6445,0.0137,-0.0254,0.0059,-0.2031,0.0547,0.0156,3
6,R,NONE,41178,0.1366,0.1883,-0.9720,-0.0325,2.5586,1.1133,-9.7539,0.0059,-0.0059,-0.0410,0.0352,0.1562,0.0625,3
6,R,NONE,41192,0.1365,0.1885,-0.9720,-0.0325,2.4453,1.0742,-9.8320,0.0059,-0.0059,-0.0410,0.0352,0.1562,0.0625,3
6,R,NONE,41248,0.1366,0.1895,-0.9718,-0.0328,2.4062,1.1523,-9.7930,-0.0059,0.0059,-0.0254,0.0352,0.1562,0.0625,3
6,R,NONE,41258,0.1366,0.1895,-0.9718,-0.0328,2.4453,1.1523,-9.7891,-0.0059,0.0059,-0.0254,0.0352,0.1562,0.0625,3
6,R,NONE,41278,0.1365,0.1896,-0.9717,-0.0329,2.3672,1.1133,-9.8320,-0.0059,0.0059,-0.0254,-0.1172,-0.0430,-0.1289,3
6,R,NONE,41288,0.1365,0.1896,-0.9717,-0.0329,2.3672,1.1133,-9.7930,-0.0059,0.0059,-0.0254,-0.1172,-0.0430,-0.1289,3
6,R,NONE,41298,0.1365,0.1896,-0.9718,-0.0329,2.4062,1.1133,-9.7930,-0.0059,0.0059,-0.0254,-0.1172,-0.0430,-0.1289,3
6,R,NONE,41328,0.1365,0.1894,-0.9718,-0.0333,2.4062,1.1914,-9.6797,-0.0293,-0.0039,0.0117,-0.1094,-0.0742,-0.0430,3
6,R,NONE,41338,0.1364,0.1893,-0.9719,-0.0334,2.4062,1.1914,-9.6797,-0.0293,-0.0039,0.0117,-0.1094,-0.0742,-0.0430,3
6,R,NONE,41528,0.1356,0.1879,-0.9722,-0.0328,2.6367,1.1914,-9.8320,-0.0176,0.0273,-0.0391,0.2227,0.1328,0.1406,3
6,R,NONE,41548,0.1360,0.1882,-0.9721,-0.0333,2.5977,1.2656,-9.7539,-0.0176,0.0273,-0.0391,0.2227,0.1328,0.1406,3
6,R,NONE,41558,0.1362,0.1884,-0.9720,-0.0336,2.5234,1.3047,-9.7500,-0.0176,0.0273,-0.0391,0.2227,0.1328,0.1406,3
6,R,NONE,41569,0.1364,0.1884,-0.9720,-0.0339,2.4844,1.3438,-9.6836,-0.0176,0.0273,-0.0391,0.2227,0.1328,0.1406,3
